Tran #,Date,Card Type,Amount,Items,# of Items,Date_Only
17953177547,2024-01-02 17:57:00,Visa (Apple Pay EMV),1.0,002E($1.00),1.0,2024-01-02
17953203670,2024-01-02 18:06:00,MasterCard (Swiped),4.0,"0018($2.00), 0018($2.00)",2.0,2024-01-02
17953206172,2024-01-02 18:07:00,MasterCard (Swiped),6.0,"0018($2.00), 0019($2.00), 0019($2.00)",3.0,2024-01-02
17953225465,2024-01-02 18:13:00,Visa (Apple Pay EMV),3.0,0016($3.00),1.0,2024-01-02
17953288905,2024-01-02 18:38:00,Cash,1.0,002C($1.00),1.0,2024-01-02
17953292726,2024-01-02 18:39:00,Cash,2.0,0021($2.00),1.0,2024-01-02
17953621762,2024-01-02 21:15:00,MasterCard (EMV Contactless),2.0,0021($2.00),1.0,2024-01-02
17953713880,2024-01-02 22:13:00,Cash,2.0,0018($2.00),1.0,2024-01-02
17953729247,2024-01-02 22:24:00,MasterCard (Swiped),2.0,001C($2.00),1.0,2024-01-02
17957794932,2024-01-03 15:41:00,Cash,1.0,0028($1.00),1.0,2024-01-03
17958159398,2024-01-03 17:17:00,MasterCard (Swiped),3.0,0014($3.00),1.0,2024-01-03
17958507227,2024-01-03 19:18:00,Visa (Apple Pay EMV),4.0,0011($4.00),1.0,2024-01-03
17958599386,2024-01-03 19:58:00,Visa (EMV Contactless),6.0,"0018($2.00), 0018($2.00), 0018($2.00)",3.0,2024-01-03
17958601987,2024-01-03 19:59:00,Visa (EMV Contactless),6.0,"001B($2.00), 001B($2.00), 001B($2.00)",3.0,2024-01-03
17958604028,2024-01-03 20:00:00,Visa (EMV Contactless),6.0,"0019($2.00), 0019($2.00), 0019($2.00)",3.0,2024-01-03
17958607384,2024-01-03 20:01:00,Visa (EMV Contactless),2.0,001A($2.00),1.0,2024-01-03
17958615844,2024-01-03 20:02:00,Visa (EMV Contactless),3.0,0014($3.00),1.0,2024-01-03
17958615957,2024-01-03 20:04:00,Cash,4.0,0005($4.00),1.0,2024-01-03
17958660444,2024-01-03 20:27:00,Visa (EMV Contactless),4.0,"0019($2.00), 0019($2.00)",2.0,2024-01-03
17958724120,2024-01-03 21:00:00,Cash,2.0,001B($2.00),1.0,2024-01-03
17963053765,2024-01-04 15:28:00,Cash,2.0,0024($2.00),1.0,2024-01-04
17963435300,2024-01-04 17:05:00,Visa (Apple Pay Cash EMV),2.0,0019($2.00),1.0,2024-01-04
17963656572,2024-01-04 18:13:00,Visa (EMV Contactless),4.0,000C($4.00),1.0,2024-01-04
17963760563,2024-01-04 18:51:00,Visa (Apple Pay EMV),4.0,0006($4.00),1.0,2024-01-04
17964014620,2024-01-04 20:40:00,Cash,2.0,001B($2.00),1.0,2024-01-04
17964015769,2024-01-04 20:40:00,Cash,2.0,0024($2.00),1.0,2024-01-04
17969107594,2024-01-05 20:03:00,Cash,2.0,001B($2.00),1.0,2024-01-05
17969106943,2024-01-05 20:03:00,Cash,2.0,001B($2.00),1.0,2024-01-05
17969137140,2024-01-05 20:16:00,Visa (Apple Pay EMV),3.0,0016($3.00),1.0,2024-01-05
17971972710,2024-01-06 16:20:00,Visa (EMV Contactless),4.0,000C($4.00),1.0,2024-01-06
17972234853,2024-01-06 18:01:00,Cash,2.0,0023($2.00),1.0,2024-01-06
17972245563,2024-01-06 18:05:00,Cash,2.0,0024($2.00),1.0,2024-01-06
17972490265,2024-01-06 20:08:00,Visa (Google Pay EMV),1.0,0029($1.00),1.0,2024-01-06
17974111326,2024-01-07 12:57:00,Visa (EMV Contactless),2.0,0018($2.00),1.0,2024-01-07
17974946579,2024-01-07 17:59:00,Visa (Apple Pay EMV),2.0,0019($2.00),1.0,2024-01-07
17975162376,2024-01-07 20:00:00,MasterCard (Swiped),2.0,0018($2.00),1.0,2024-01-07
17975163748,2024-01-07 20:01:00,MasterCard (Swiped),2.0,001C($2.00),1.0,2024-01-07
17975168653,2024-01-07 20:04:00,Cash,2.0,0023($2.00),1.0,2024-01-07
17977922273,2024-01-08 11:02:00,Visa (Apple Pay EMV),4.0,"0018($2.00), 0018($2.00)",2.0,2024-01-08
17980010355,2024-01-08 18:23:00,Cash,2.0,001B($2.00),1.0,2024-01-08
17980007637,2024-01-08 18:23:00,Cash,2.0,0025($2.00),1.0,2024-01-08
17980084479,2024-01-08 18:52:00,MasterCard (EMV Contactless),2.0,0025($2.00),1.0,2024-01-08
17980422376,2024-01-08 21:38:00,Visa (Apple Pay EMV),2.0,0025($2.00),1.0,2024-01-08
17980502845,2024-01-08 22:33:00,Visa (Apple Pay EMV),1.0,002F($1.00),1.0,2024-01-08
17985726861,2024-01-09 23:13:00,Cash,2.0,0025($2.00),1.0,2024-01-09
17990913065,2024-01-10 20:10:00,Cash,2.0,001A($2.00),1.0,2024-01-10
17990914461,2024-01-10 20:10:00,Cash,2.0,001A($2.00),1.0,2024-01-10
17996566448,2024-01-11 20:01:00,Cash,2.0,001A($2.00),1.0,2024-01-11
17996567687,2024-01-11 20:01:00,Cash,2.0,001A($2.00),1.0,2024-01-11
18072980181,2024-01-28 08:47:00,Visa (Apple Pay EMV),1.5,0010($1.50),1.0,2024-01-28
18074727880,2024-01-28 18:20:00,Visa (Swiped),1.5,000E($1.50),1.0,2024-01-28
18074915666,2024-01-28 20:02:00,Visa (Apple Pay EMV),3.0,"0010($1.50), 0010($1.50)",2.0,2024-01-28
18075940897,2024-01-29 06:13:00,Visa (EMV Contactless),5.25,"0010($1.50), 0001($3.75)",2.0,2024-01-29
18078607332,2024-01-29 12:50:00,Cash,1.5,0011($1.50),1.0,2024-01-29
18088706284,2024-01-31 09:27:00,Visa (Apple Pay EMV),1.5,0011($1.50),1.0,2024-01-31
18090153266,2024-01-31 12:36:00,Visa (Apple Pay EMV),2.0,001A($2.00),1.0,2024-01-31
18091761876,2024-01-31 18:07:00,Visa (Apple Pay EMV),2.0,001B($2.00),1.0,2024-01-31
18098054166,2024-02-01 20:12:00,Visa (Apple Pay EMV),1.0,000C($1.00),1.0,2024-02-01
18098058200,2024-02-01 20:13:00,Visa (Apple Pay EMV),1.0,000C($1.00),1.0,2024-02-01
18104005431,2024-02-03 00:22:00,Visa (Apple Pay EMV),4.5,"0010($1.50), 0012($1.50), 0012($1.50)",3.0,2024-02-03
18105990863,2024-02-03 13:11:00,Visa (EMV Contactless),1.0,000B($1.00),1.0,2024-02-03
18106085537,2024-02-03 13:34:00,Visa (EMV Contactless),1.0,000A($1.00),1.0,2024-02-03
18106966716,2024-02-03 18:04:00,Visa (Apple Pay EMV),1.5,0012($1.50),1.0,2024-02-03
18108864240,2024-02-04 12:15:00,Visa (Apple Pay EMV),1.5,000F($1.50),1.0,2024-02-04
18119300446,2024-02-06 11:54:00,Visa (Apple Pay EMV),1.5,000F($1.50),1.0,2024-02-06
18121535093,2024-02-06 20:07:00,Visa (Apple Pay EMV),1.5,0011($1.50),1.0,2024-02-06
18121536310,2024-02-06 20:08:00,Visa (Apple Pay EMV),1.5,0011($1.50),1.0,2024-02-06
18121683752,2024-02-06 21:20:00,Visa (Apple Pay EMV),4.5,"000E($1.50), 000E($1.50), 000E($1.50)",3.0,2024-02-06
18121684977,2024-02-06 21:21:00,Visa (Apple Pay EMV),4.5,"000F($1.50), 000F($1.50), 0011($1.50)",3.0,2024-02-06
18125514567,2024-02-07 12:44:00,Visa (Apple Pay EMV),1.5,000E($1.50),1.0,2024-02-07
18127579181,2024-02-07 21:35:00,Visa (Apple Pay EMV),4.0,0014($4.00),1.0,2024-02-07
18127581053,2024-02-07 21:36:00,Visa (Apple Pay EMV),4.0,0014($4.00),1.0,2024-02-07
18131441664,2024-02-08 12:43:00,Visa (EMV Contactless),2.5,"0012($1.50), 000B($1.00)",2.0,2024-02-08
18137207922,2024-02-09 12:59:00,Visa (EMV Contactless),1.5,000E($1.50),1.0,2024-02-09
18138057000,2024-02-09 15:57:00,Cash,4.0,0014($4.00),1.0,2024-02-09
18138556386,2024-02-09 18:16:00,Visa (Apple Pay EMV),4.0,0007($4.00),1.0,2024-02-09
18145078067,2024-02-11 19:17:00,Visa (EMV Contactless),4.0,0015($4.00),1.0,2024-02-11
18147864912,2024-02-12 10:47:00,Visa (Apple Pay EMV),1.5,000E($1.50),1.0,2024-02-12
18149721541,2024-02-12 16:12:00,Visa (EMV Contactless),1.0,000C($1.00),1.0,2024-02-12
18150458962,2024-02-12 20:14:00,Visa (Apple Pay EMV),2.0,0018($2.00),1.0,2024-02-12
18155621021,2024-02-13 18:07:00,Visa (Apple Pay EMV),2.0,001C($2.00),1.0,2024-02-13
18159676704,2024-02-14 13:04:00,Visa (Apple Pay EMV),2.0,001A($2.00),1.0,2024-02-14
18160961330,2024-02-14 18:23:00,Visa (Swiped),3.75,0003($3.75),1.0,2024-02-14
18164974734,2024-02-15 12:29:00,Visa (Apple Pay EMV),2.0,0017($2.00),1.0,2024-02-15
18166580217,2024-02-15 18:04:00,Cash,2.0,001C($2.00),1.0,2024-02-15
18166612923,2024-02-15 18:14:00,Visa (Swiped),3.75,0003($3.75),1.0,2024-02-15
18188503377,2024-02-20 15:45:00,Visa (Apple Pay EMV),4.0,0014($4.00),1.0,2024-02-20
18189020861,2024-02-20 18:00:00,Visa (Apple Pay EMV),1.0,000C($1.00),1.0,2024-02-20
18189455649,2024-02-20 20:50:00,Visa (EMV Contactless),3.75,0000($3.75),1.0,2024-02-20
18189458361,2024-02-20 20:52:00,Visa (EMV Contactless),3.75,0000($3.75),1.0,2024-02-20
18194818283,2024-02-21 17:53:00,Visa (EMV Contactless),4.0,0015($4.00),1.0,2024-02-21
18195423443,2024-02-21 22:00:00,Visa (Apple Pay EMV),2.0,001A($2.00),1.0,2024-02-21
18200277456,2024-02-22 15:55:00,MasterCard (EMV Contactless),3.75,0003($3.75),1.0,2024-02-22
18200565360,2024-02-22 17:03:00,Visa (EMV Contactless),1.0,000B($1.00),1.0,2024-02-22
18200580983,2024-02-22 17:07:00,Visa (EMV Contactless),4.0,0016($4.00),1.0,2024-02-22
18200828735,2024-02-22 18:18:00,MasterCard (EMV Contactless),3.75,0003($3.75),1.0,2024-02-22
18206431843,2024-02-23 18:29:00,Visa (EMV Contactless),6.0,"001A($2.00), 0016($4.00)",2.0,2024-02-23
18206473844,2024-02-23 18:44:00,Visa (Apple Pay EMV),1.5,0028($1.50),1.0,2024-02-23
18206685172,2024-02-23 20:04:00,Visa (Apple Pay EMV),4.0,0016($4.00),1.0,2024-02-23
18209058006,2024-02-24 12:52:00,Visa (EMV Contactless),1.0,000A($1.00),1.0,2024-02-24
18210150100,2024-02-24 18:06:00,Visa (Swiped),2.0,0019($2.00),1.0,2024-02-24
18252789198,2024-03-04 13:24:00,Cash,3.75,0000($3.75),1.0,2024-03-04
18253519707,2024-03-04 15:43:00,Cash,2.0,0023($2.00),1.0,2024-03-04
18253879022,2024-03-04 17:10:00,Visa (Apple Pay EMV),4.5,"002E($1.50), 002E($1.50), 002E($1.50)",3.0,2024-03-04
18253880950,2024-03-04 17:11:00,Visa (Apple Pay EMV),4.5,"002F($1.50), 002F($1.50), 002D($1.50)",3.0,2024-03-04
18253882087,2024-03-04 17:11:00,Visa (Apple Pay EMV),4.5,"002D($1.50), 002C($1.50), 002C($1.50)",3.0,2024-03-04
18254239124,2024-03-04 19:04:00,Visa (Apple Pay EMV),1.5,0028($1.50),1.0,2024-03-04
18254274838,2024-03-04 19:17:00,Cash,2.0,0019($2.00),1.0,2024-03-04
18258020625,2024-03-05 11:48:00,Visa (Apple Pay EMV),2.0,0025($2.00),1.0,2024-03-05
18258323982,2024-03-05 12:30:00,Cash,2.0,0019($2.00),1.0,2024-03-05
18258331479,2024-03-05 12:30:00,Cash,1.5,0030($1.50),1.0,2024-03-05
18258977389,2024-03-05 14:11:00,Visa (Apple Pay EMV),3.75,0000($3.75),1.0,2024-03-05
18259130813,2024-03-05 14:40:00,Cash,1.5,0030($1.50),1.0,2024-03-05
18259337145,2024-03-05 15:21:00,Cash,2.0,0022($2.00),1.0,2024-03-05
18260330786,2024-03-05 20:09:00,Visa (Apple Pay EMV),2.0,001F($2.00),1.0,2024-03-05
18263888824,2024-03-06 11:41:00,Cash,2.0,0021($2.00),1.0,2024-03-06
18264460159,2024-03-06 13:00:00,Visa (Apple Pay EMV),1.5,002B($1.50),1.0,2024-03-06
18266272223,2024-03-06 20:25:00,Visa (EMV Contactless),6.0,"0024($2.00), 0022($2.00), 0023($2.00)",3.0,2024-03-06
18266274380,2024-03-06 20:26:00,Visa (EMV Contactless),6.0,"0024($2.00), 0022($2.00), 0022($2.00)",3.0,2024-03-06
18266388187,2024-03-06 21:21:00,MasterCard (EMV Contactless),3.0,0010($3.00),1.0,2024-03-06
18272679381,2024-03-08 00:22:00,Cash,3.75,0001($3.75),1.0,2024-03-08
18276669691,2024-03-08 14:42:00,Cash,2.0,001A($2.00),1.0,2024-03-08
18276878311,2024-03-08 15:29:00,Visa (Apple Pay EMV),1.5,002B($1.50),1.0,2024-03-08
18277637140,2024-03-08 19:04:00,Visa (Apple Pay EMV),1.5,002A($1.50),1.0,2024-03-08
18278102422,2024-03-08 23:04:00,Cash,1.0,000A($1.00),1.0,2024-03-08
18279368531,2024-03-09 09:57:00,Visa (Apple Pay EMV),1.5,002A($1.50),1.0,2024-03-09
18283422530,2024-03-10 14:21:00,Visa (Swiped),2.0,0023($2.00),1.0,2024-03-10
18283424718,2024-03-10 14:22:00,Visa (Swiped),3.25,0005($3.25),1.0,2024-03-10
18283432846,2024-03-10 14:24:00,Visa (Swiped),2.0,001A($2.00),1.0,2024-03-10
18283439217,2024-03-10 14:26:00,Visa (Swiped),2.0,001A($2.00),1.0,2024-03-10
18284371585,2024-03-10 20:39:00,Visa (Apple Pay EMV),3.75,0002($3.75),1.0,2024-03-10
18287179550,2024-03-11 11:14:00,Visa (Apple Pay EMV),2.0,0023($2.00),1.0,2024-03-11
18287555926,2024-03-11 12:10:00,Cash,2.0,001C($2.00),1.0,2024-03-11
18287572521,2024-03-11 12:13:00,Cash,1.0,000B($1.00),1.0,2024-03-11
18287583624,2024-03-11 12:15:00,Cash,2.0,001E($2.00),1.0,2024-03-11
18288986344,2024-03-11 16:41:00,Cash,1.0,000C($1.00),1.0,2024-03-11
18292120735,2024-03-12 09:52:00,Visa (Apple Pay EMV),3.0,"002A($1.50), 002A($1.50)",2.0,2024-03-12
18292405700,2024-03-12 10:29:00,Cash,4.0,0014($4.00),1.0,2024-03-12
18293707128,2024-03-12 13:41:00,Visa (Apple Pay EMV),3.75,0001($3.75),1.0,2024-03-12
18294623193,2024-03-12 16:51:00,Cash,2.0,0023($2.00),1.0,2024-03-12
18298395079,2024-03-13 11:17:00,Visa (Apple Pay EMV),2.0,0025($2.00),1.0,2024-03-13
18299463246,2024-03-13 13:59:00,Cash,1.0,000C($1.00),1.0,2024-03-13
18304035395,2024-03-14 11:05:00,Cash,4.0,0015($4.00),1.0,2024-03-14
18305340303,2024-03-14 14:29:00,Cash,1.0,000C($1.00),1.0,2024-03-14
18306032251,2024-03-14 17:03:00,Visa (Swiped),1.5,000E($1.50),1.0,2024-03-14
18306103529,2024-03-14 17:22:00,Visa (Swiped),1.0,000C($1.00),1.0,2024-03-14
18306416777,2024-03-14 19:00:00,Cash,2.0,0025($2.00),1.0,2024-03-14
18306434764,2024-03-14 19:06:00,Visa (Apple Pay EMV),3.75,0001($3.75),1.0,2024-03-14
18306763290,2024-03-14 21:25:00,American Express (EMV Contactless),6.0,"0020($2.00), 0020($2.00), 0020($2.00)",3.0,2024-03-14
18306764103,2024-03-14 21:26:00,American Express (EMV Contactless),6.0,"0020($2.00), 0020($2.00), 0020($2.00)",3.0,2024-03-14
18310194836,2024-03-15 12:47:00,Cash,1.5,000E($1.50),1.0,2024-03-15
18310392299,2024-03-15 13:21:00,Visa (EMV Contactless),3.0,"000D($1.00), 0020($2.00)",2.0,2024-03-15
18311400790,2024-03-15 17:08:00,Cash,1.0,000B($1.00),1.0,2024-03-15
18311679701,2024-03-15 18:32:00,MasterCard (Swiped),2.5,"000E($1.50), 000D($1.00)",2.0,2024-03-15
18311811917,2024-03-15 19:18:00,Visa (EMV Contactless),2.0,001E($2.00),1.0,2024-03-15
18312041885,2024-03-15 20:59:00,Cash,1.0,000A($1.00),1.0,2024-03-15
18312113857,2024-03-15 21:36:00,Cash,2.0,0011($2.00),1.0,2024-03-15
18314130946,2024-03-16 12:38:00,MasterCard (EMV Contactless),2.0,001B($2.00),1.0,2024-03-16
18314851973,2024-03-16 15:48:00,MasterCard (EMV Contactless),1.0,000D($1.00),1.0,2024-03-16
18315394936,2024-03-16 19:01:00,Visa (EMV Contactless),2.0,0018($2.00),1.0,2024-03-16
18315415131,2024-03-16 19:09:00,MasterCard (EMV Contactless),1.0,000D($1.00),1.0,2024-03-16
18315611140,2024-03-16 20:51:00,Visa (EMV Contactless),2.0,0023($2.00),1.0,2024-03-16
18316681460,2024-03-17 10:06:00,Visa (Apple Pay EMV),2.0,0026($2.00),1.0,2024-03-17
18318633511,2024-03-17 21:59:00,American Express (EMV Contactless),1.5,0029($1.50),1.0,2024-03-17
18323771228,2024-03-18 18:51:00,Visa (Apple Pay EMV),3.75,0002($3.75),1.0,2024-03-18
18323793579,2024-03-18 18:59:00,Visa (Swiped),2.0,0011($2.00),1.0,2024-03-18
18323851764,2024-03-18 19:18:00,Visa (Apple Pay EMV),2.0,0011($2.00),1.0,2024-03-18
18324096705,2024-03-18 21:06:00,Cash,2.0,0026($2.00),1.0,2024-03-18
18324111291,2024-03-18 21:13:00,MasterCard (Swiped),3.25,0006($3.25),1.0,2024-03-18
18326889379,2024-03-19 10:30:00,Cash,2.0,0018($2.00),1.0,2024-03-19
18327782899,2024-03-19 12:30:00,Visa (Apple Pay EMV),2.0,0026($2.00),1.0,2024-03-19
18329629380,2024-03-19 19:02:00,Visa (Apple Pay EMV),2.0,0019($2.00),1.0,2024-03-19
18329634511,2024-03-19 19:04:00,Cash,2.0,0011($2.00),1.0,2024-03-19
18329927368,2024-03-19 21:05:00,MasterCard (Swiped),1.5,000E($1.50),1.0,2024-03-19
18330387818,2024-03-20 02:48:00,Cash,2.0,0011($2.00),1.0,2024-03-20
18333897740,2024-03-20 13:07:00,Cash,1.0,000D($1.00),1.0,2024-03-20
18335262610,2024-03-20 17:51:00,Visa (Swiped),2.0,0011($2.00),1.0,2024-03-20
18339218030,2024-03-21 11:43:00,Visa (Apple Pay EMV),2.0,0024($2.00),1.0,2024-03-21
18340849784,2024-03-21 16:25:00,Visa (EMV Contactless),3.0,"002A($1.50), 0029($1.50)",2.0,2024-03-21
18340865241,2024-03-21 16:29:00,MasterCard (EMV Contactless),7.5,"000F($3.00), 0010($3.00), 002A($1.50)",3.0,2024-03-21
18341267695,2024-03-21 18:16:00,American Express (EMV Contactless),2.0,0021($2.00),1.0,2024-03-21
18341272118,2024-03-21 18:18:00,Cash,2.0,0018($2.00),1.0,2024-03-21
18341372463,2024-03-21 18:52:00,Cash,2.0,0018($2.00),1.0,2024-03-21
18341627544,2024-03-21 20:27:00,Visa (Swiped),2.0,0012($2.00),1.0,2024-03-21
18341686498,2024-03-21 20:55:00,Cash,1.0,000D($1.00),1.0,2024-03-21
18341720518,2024-03-21 21:10:00,Visa (Apple Pay EMV),2.0,0026($2.00),1.0,2024-03-21
18345853537,2024-03-22 14:27:00,MasterCard (EMV Contactless),2.0,001C($2.00),1.0,2024-03-22
18346160974,2024-03-22 15:34:00,Visa (Swiped),2.0,001E($2.00),1.0,2024-03-22
18346552796,2024-03-22 17:14:00,Cash,2.0,0018($2.00),1.0,2024-03-22
18347161338,2024-03-22 20:48:00,Visa (Apple Pay EMV),2.0,0026($2.00),1.0,2024-03-22
18347173781,2024-03-22 20:55:00,Visa (Apple Pay EMV),2.0,0017($2.00),1.0,2024-03-22
18347178353,2024-03-22 20:57:00,Visa (Apple Pay EMV),2.0,001E($2.00),1.0,2024-03-22
18348996976,2024-03-23 11:25:00,Cash,2.0,0022($2.00),1.0,2024-03-23
18349417513,2024-03-23 13:05:00,MasterCard (EMV Contactless),2.0,0017($2.00),1.0,2024-03-23
18350350634,2024-03-23 17:33:00,MasterCard (EMV Contactless),2.0,001A($2.00),1.0,2024-03-23
18351909781,2024-03-24 10:08:00,Visa (EMV Contactless),2.0,0021($2.00),1.0,2024-03-24
18353801547,2024-03-24 21:12:00,Visa (EMV Contactless),2.0,001F($2.00),1.0,2024-03-24
18357261677,2024-03-25 12:35:00,Visa (Apple Pay Cash EMV),2.0,0025($2.00),1.0,2024-03-25
18359300525,2024-03-25 21:02:00,Visa (Apple Pay EMV),4.0,"0026($2.00), 0017($2.00)",2.0,2024-03-25
18363705202,2024-03-26 14:31:00,Cash,2.0,0012($2.00),1.0,2024-03-26
18363948773,2024-03-26 15:19:00,Cash,2.0,0022($2.00),1.0,2024-03-26
18364750000,2024-03-26 18:47:00,Cash,2.0,0021($2.00),1.0,2024-03-26
18364750958,2024-03-26 18:48:00,Cash,2.0,001F($2.00),1.0,2024-03-26
18364838700,2024-03-26 19:18:00,Cash,2.0,0023($2.00),1.0,2024-03-26
18365104721,2024-03-26 21:10:00,Cash,2.0,001A($2.00),1.0,2024-03-26
18367473734,2024-03-27 09:34:00,Visa (Apple Pay EMV),2.0,0026($2.00),1.0,2024-03-27
18368489271,2024-03-27 11:49:00,Visa (Apple Pay EMV),6.0,"0025($2.00), 0025($2.00), 0025($2.00)",3.0,2024-03-27
18369383179,2024-03-27 14:05:00,Cash,1.5,002A($1.50),1.0,2024-03-27
18370315449,2024-03-27 17:27:00,Visa (Swiped),2.0,0012($2.00),1.0,2024-03-27
18370415834,2024-03-27 17:55:00,Visa (Apple Pay EMV),2.0,0024($2.00),1.0,2024-03-27
18370919292,2024-03-27 20:58:00,Cash,2.0,0012($2.00),1.0,2024-03-27
18376026896,2024-03-28 17:05:00,Cash,2.0,001A($2.00),1.0,2024-03-28
18376030527,2024-03-28 17:05:00,Cash,3.25,0005($3.25),1.0,2024-03-28
18376063159,2024-03-28 17:14:00,Visa (Apple Pay EMV),2.0,0022($2.00),1.0,2024-03-28
18380015189,2024-03-29 13:44:00,Cash,2.0,0024($2.00),1.0,2024-03-29
18380138337,2024-03-29 14:10:00,Cash,2.0,001E($2.00),1.0,2024-03-29
18381195821,2024-03-29 19:02:00,Visa (Swiped),2.0,0012($2.00),1.0,2024-03-29
18381424611,2024-03-29 20:42:00,Visa (Apple Pay EMV),2.0,0023($2.00),1.0,2024-03-29
18381699680,2024-03-29 23:43:00,Visa (Apple Pay EMV),3.0,000F($3.00),1.0,2024-03-29
18382892278,2024-03-30 10:22:00,Cash,2.0,001E($2.00),1.0,2024-03-30
18383866089,2024-03-30 14:26:00,Visa (EMV Contactless),3.25,0006($3.25),1.0,2024-03-30
18384455029,2024-03-30 17:36:00,Visa (Apple Pay EMV),3.75,0002($3.75),1.0,2024-03-30
18384685818,2024-03-30 19:13:00,Visa (Apple Pay EMV),2.0,001B($2.00),1.0,2024-03-30
18384702833,2024-03-30 19:22:00,Cash,1.5,002A($1.50),1.0,2024-03-30
18384887421,2024-03-30 21:05:00,Visa (Swiped),2.0,001F($2.00),1.0,2024-03-30
18385037404,2024-03-30 23:06:00,MasterCard (Swiped),2.0,001B($2.00),1.0,2024-03-30
18386290692,2024-03-31 12:38:00,Visa (Apple Pay EMV),4.0,"001C($2.00), 001C($2.00)",2.0,2024-03-31
18387205230,2024-03-31 19:11:00,MasterCard (EMV Contactless),2.0,001A($2.00),1.0,2024-03-31
18387563840,2024-03-31 23:55:00,Cash,2.0,0021($2.00),1.0,2024-03-31
18390835528,2024-04-01 13:15:00,Cash,2.0,001F($2.00),1.0,2024-04-01
18392112318,2024-04-01 17:57:00,Visa (Apple Pay Cash EMV),2.0,0021($2.00),1.0,2024-04-01
18392301589,2024-04-01 19:00:00,Cash,2.0,001A($2.00),1.0,2024-04-01
18392347140,2024-04-01 19:15:00,Cash,2.0,001C($2.00),1.0,2024-04-01
18392596563,2024-04-01 21:03:00,Cash,3.75,0002($3.75),1.0,2024-04-01
18392625840,2024-04-01 21:17:00,Cash,1.0,0003($1.00),1.0,2024-04-01
18392625806,2024-04-01 21:17:00,MasterCard (Swiped),5.5,"0003($2.25), 0006($3.25)",2.0,2024-04-01
18396265580,2024-04-02 12:33:00,Visa (Google Pay EMV),2.0,0022($2.00),1.0,2024-04-02
18396269126,2024-04-02 12:33:00,Cash,2.0,0024($2.00),1.0,2024-04-02
18396850847,2024-04-02 14:05:00,Visa (Apple Pay Cash EMV),4.0,"001C($2.00), 001C($2.00)",2.0,2024-04-02
18397179627,2024-04-02 15:08:00,Cash,2.0,0024($2.00),1.0,2024-04-02
18397397436,2024-04-02 15:55:00,Visa (EMV Contactless),2.0,001F($2.00),1.0,2024-04-02
18398094278,2024-04-02 19:06:00,Cash,2.0,0021($2.00),1.0,2024-04-02
18400401942,2024-04-03 08:51:00,Visa (Apple Pay EMV),2.0,001B($2.00),1.0,2024-04-03
18403584307,2024-04-03 17:10:00,Visa (Apple Pay Cash EMV),2.0,001B($2.00),1.0,2024-04-03
18403587238,2024-04-03 17:11:00,Visa (Apple Pay Cash EMV),3.25,0003($3.25),1.0,2024-04-03
18403590974,2024-04-03 17:12:00,Visa (Apple Pay Cash EMV),2.0,001F($2.00),1.0,2024-04-03
18403857949,2024-04-03 18:29:00,MasterCard (EMV Contactless),4.5,"002A($1.50), 0010($3.00)",2.0,2024-04-03
18427505465,2024-04-08 17:55:00,Visa (EMV Contactless),3.25,0005($3.25),1.0,2024-04-08
18427502644,2024-04-08 17:55:00,Visa (EMV Contactless),3.25,0005($3.25),1.0,2024-04-08
18432918698,2024-04-09 15:51:00,Visa (EMV Contactless),3.25,0004($3.25),1.0,2024-04-09
18433000981,2024-04-09 16:08:00,Visa (Swiped),1.5,002A($1.50),1.0,2024-04-09
18433492822,2024-04-09 18:19:00,Visa (Apple Pay EMV),3.75,0002($3.75),1.0,2024-04-09
18450850078,2024-04-12 17:00:00,Visa (EMV Contactless),3.25,0004($3.25),1.0,2024-04-12
18481420356,2024-04-18 16:07:00,Visa (EMV Contactless),3.25,0007($3.25),1.0,2024-04-18
18505585375,2024-04-23 15:15:00,Visa (EMV Contactless),1.5,002A($1.50),1.0,2024-04-23
18524521444,2024-04-26 21:05:00,Visa (EMV Contactless),3.25,0006($3.25),1.0,2024-04-26
18524519882,2024-04-26 21:05:00,Visa (EMV Contactless),3.25,0004($3.25),1.0,2024-04-26
18550949560,2024-05-02 10:07:00,Cash,3.25,0003($3.25),1.0,2024-05-02
18553321913,2024-05-02 16:28:00,Cash,1.5,002A($1.50),1.0,2024-05-02
18558001997,2024-05-03 12:57:00,Visa (Apple Pay EMV),5.5,"001C($2.75), 001C($2.75)",2.0,2024-05-03
18558006149,2024-05-03 12:58:00,Visa (Apple Pay EMV),8.25,"001C($2.75), 001C($2.75), 001C($2.75)",3.0,2024-05-03
18559876729,2024-05-03 21:08:00,Cash,2.75,001B($2.75),1.0,2024-05-03
18559995722,2024-05-03 22:13:00,Visa (EMV Contactless),1.25,0011($1.25),1.0,2024-05-03
18560043139,2024-05-03 22:44:00,Visa (Apple Pay EMV),6.75,"0014($2.25), 0014($2.25), 0014($2.25)",3.0,2024-05-03
18562604464,2024-05-04 14:54:00,Cash,1.25,000F($1.25),1.0,2024-05-04
18562962981,2024-05-04 16:40:00,Visa (Apple Pay EMV),1.25,000F($1.25),1.0,2024-05-04
18563586957,2024-05-04 21:09:00,Cash,1.25,001A($1.25),1.0,2024-05-04
18563661663,2024-05-04 22:01:00,Visa (EMV Contactless),4.0,000A($4.00),1.0,2024-05-04
18563662526,2024-05-04 22:02:00,Cash,4.0,000A($4.00),1.0,2024-05-04
18564642095,2024-05-05 09:51:00,MasterCard (EMV Contactless),4.0,000A($4.00),1.0,2024-05-05
18564772039,2024-05-05 10:29:00,Visa (Apple Pay EMV),5.5,"001B($2.75), 001B($2.75)",2.0,2024-05-05
18565833372,2024-05-05 15:29:00,Visa (EMV Contactless),4.0,000D($4.00),1.0,2024-05-05
18566622118,2024-05-05 21:22:00,Visa (EMV Contactless),1.25,001A($1.25),1.0,2024-05-05
18566627419,2024-05-05 21:26:00,Cash,2.75,0025($2.75),1.0,2024-05-05
18569031828,2024-05-06 09:57:00,Visa (Apple Pay EMV),1.25,000F($1.25),1.0,2024-05-06
18570436171,2024-05-06 13:10:00,Visa (Apple Pay EMV),2.25,0022($2.25),1.0,2024-05-06
18570735658,2024-05-06 14:01:00,Cash,1.25,000F($1.25),1.0,2024-05-06
18571991951,2024-05-06 19:13:00,Visa (Apple Pay EMV),7.5,"0001($3.75), 0000($3.75)",2.0,2024-05-06
18575617527,2024-05-07 11:36:00,Cash,1.0,002E($1.00),1.0,2024-05-07
18576667537,2024-05-07 14:12:00,Cash,2.25,0020($2.25),1.0,2024-05-07
18577887064,2024-05-07 19:19:00,Visa (Google Pay EMV),2.0,"002E($1.00), 002E($1.00)",2.0,2024-05-07
18580609706,2024-05-08 09:38:00,Visa (EMV Contactless),4.0,000C($4.00),1.0,2024-05-08
18583557712,2024-05-08 18:11:00,Visa (Apple Pay EMV),6.75,"0016($2.25), 0016($2.25), 0016($2.25)",3.0,2024-05-08
18583709030,2024-05-08 19:02:00,Visa (Apple Pay EMV),7.75,"0001($3.75), 000B($4.00)",2.0,2024-05-08
18584138233,2024-05-08 22:14:00,Visa (EMV Contactless),1.25,000F($1.25),1.0,2024-05-08
18584153370,2024-05-08 22:23:00,Visa (Apple Pay EMV),2.25,0022($2.25),1.0,2024-05-08
18584154157,2024-05-08 22:24:00,Visa (Apple Pay EMV),2.25,0020($2.25),1.0,2024-05-08
18584229030,2024-05-08 23:12:00,Cash,2.75,0025($2.75),1.0,2024-05-08
18584230464,2024-05-08 23:13:00,Cash,1.25,0012($1.25),1.0,2024-05-08
18584251648,2024-05-08 23:29:00,Cash,1.0,0028($1.00),1.0,2024-05-08
18584252371,2024-05-08 23:30:00,Cash,1.0,0028($1.00),1.0,2024-05-08
18584252988,2024-05-08 23:30:00,Cash,1.0,0028($1.00),1.0,2024-05-08
18584396492,2024-05-09 01:32:00,Cash,1.25,0010($1.25),1.0,2024-05-09
18584397755,2024-05-09 01:33:00,Cash,1.25,0010($1.25),1.0,2024-05-09
18584416437,2024-05-09 01:51:00,Cash,1.25,000F($1.25),1.0,2024-05-09
18586507110,2024-05-09 09:36:00,Visa (EMV Contactless),4.0,000C($4.00),1.0,2024-05-09
18588029112,2024-05-09 13:02:00,Cash,1.25,0018($1.25),1.0,2024-05-09
18589556828,2024-05-09 18:35:00,Cash,1.0,0029($1.00),1.0,2024-05-09
18592679308,2024-05-10 10:27:00,Visa (EMV Contactless),4.0,000A($4.00),1.0,2024-05-10
18597664473,2024-05-11 12:39:00,Cash,2.25,0014($2.25),1.0,2024-05-11
18599102136,2024-05-11 20:32:00,Cash,4.0,000E($4.00),1.0,2024-05-11
18600110510,2024-05-12 09:30:00,MasterCard (EMV Contactless),4.0,000B($4.00),1.0,2024-05-12
18600709176,2024-05-12 12:27:00,MasterCard (EMV Contactless),4.0,000C($4.00),1.0,2024-05-12
18601134248,2024-05-12 14:35:00,Visa (Apple Pay EMV),6.75,"0014($2.25), 0014($2.25), 0014($2.25)",3.0,2024-05-12
18601591603,2024-05-12 17:26:00,Visa (EMV Contactless),4.0,000C($4.00),1.0,2024-05-12
18601850421,2024-05-12 19:35:00,Visa (Apple Pay EMV),2.25,001F($2.25),1.0,2024-05-12
18603587624,2024-05-13 08:09:00,Visa (EMV Contactless),2.25,0016($2.25),1.0,2024-05-13
18603637456,2024-05-13 08:17:00,Visa (EMV Contactless),2.25,0016($2.25),1.0,2024-05-13
18604809579,2024-05-13 10:52:00,Visa (EMV Contactless),4.5,"0016($2.25), 0016($2.25)",2.0,2024-05-13
18605018892,2024-05-13 11:20:00,Visa (Apple Pay EMV),2.25,0016($2.25),1.0,2024-05-13
18605117941,2024-05-13 11:34:00,Visa (Apple Pay EMV),2.25,0015($2.25),1.0,2024-05-13
18606703764,2024-05-13 16:14:00,MasterCard (EMV Contactless),1.25,0018($1.25),1.0,2024-05-13
18606928470,2024-05-13 17:13:00,Visa (EMV Contactless),6.5,"000F($1.25), 000D($4.00), 000F($1.25)",3.0,2024-05-13
18606940575,2024-05-13 17:16:00,Visa (EMV Contactless),8.0,"000E($4.00), 000D($4.00)",2.0,2024-05-13
18607314164,2024-05-13 19:19:00,Visa (Apple Pay EMV),5.5,"0024($2.75), 001B($2.75)",2.0,2024-05-13
18610534536,2024-05-14 10:49:00,Visa (Apple Pay EMV),2.25,0015($2.25),1.0,2024-05-14
18611276138,2024-05-14 12:30:00,Visa (EMV Contactless),8.0,"000D($4.00), 000D($4.00)",2.0,2024-05-14
18611935529,2024-05-14 14:18:00,Visa (EMV Contactless),8.0,"000B($4.00), 000A($4.00)",2.0,2024-05-14
18612246783,2024-05-14 15:21:00,Visa (EMV Contactless),8.25,"001B($2.75), 001C($2.75), 001B($2.75)",3.0,2024-05-14
18612254194,2024-05-14 15:23:00,Visa (EMV Contactless),6.5,"000A($4.00), 000F($1.25), 0017($1.25)",3.0,2024-05-14
18612261186,2024-05-14 15:25:00,Visa (EMV Contactless),9.25,"000B($4.00), 000B($4.00), 0017($1.25)",3.0,2024-05-14
18612817308,2024-05-14 17:45:00,Visa (EMV Contactless),8.0,"000B($4.00), 000C($4.00)",2.0,2024-05-14
18613342476,2024-05-14 21:08:00,Visa (Apple Pay EMV),2.25,0015($2.25),1.0,2024-05-14
18615797736,2024-05-15 09:39:00,Visa (Apple Pay EMV),2.75,001B($2.75),1.0,2024-05-15
18619009179,2024-05-15 20:04:00,Visa (Apple Pay EMV),1.0,0028($1.00),1.0,2024-05-15
18668850179,2024-05-25 19:42:00,Cash,1.25,0010($1.25),1.0,2024-05-25
18671806411,2024-05-26 19:18:00,Cash,1.25,001A($1.25),1.0,2024-05-26
18671814232,2024-05-26 19:22:00,Cash,1.25,0017($1.25),1.0,2024-05-26
18673841882,2024-05-27 13:30:00,Visa (Apple Pay EMV),2.25,0015($2.25),1.0,2024-05-27
18674756342,2024-05-27 19:19:00,MasterCard (EMV Contactless),2.25,0020($2.25),1.0,2024-05-27
18677726650,2024-05-28 11:08:00,Visa (Apple Pay EMV),2.25,0015($2.25),1.0,2024-05-28
18678883723,2024-05-28 14:11:00,Cash,1.25,0012($1.25),1.0,2024-05-28
18683813509,2024-05-29 12:18:00,Cash,2.25,0014($2.25),1.0,2024-05-29
18685621912,2024-05-29 18:45:00,Visa (Apple Pay Cash EMV),2.75,001B($2.75),1.0,2024-05-29
18688613693,2024-05-30 10:05:00,Visa (Apple Pay EMV),1.25,0018($1.25),1.0,2024-05-30
18691152483,2024-05-30 17:38:00,MasterCard (EMV Contactless),2.75,0023($2.75),1.0,2024-05-30
18698255211,2024-06-01 07:54:00,Cash,2.75,0025($2.75),1.0,2024-06-01
18702314030,2024-06-02 11:37:00,Visa (Apple Pay EMV),2.25,0015($2.25),1.0,2024-06-02
18702476018,2024-06-02 12:20:00,Visa (Apple Pay EMV),2.25,0015($2.25),1.0,2024-06-02
18707733405,2024-06-03 13:55:00,Cash,2.25,0014($2.25),1.0,2024-06-03
18708574607,2024-06-03 17:01:00,Cash,1.25,0017($1.25),1.0,2024-06-03
18709248049,2024-06-03 20:59:00,Visa (Google Pay EMV),4.5,"0015($2.25), 0015($2.25)",2.0,2024-06-03
18709279516,2024-06-03 21:14:00,Visa (Apple Pay Cash EMV),2.25,0021($2.25),1.0,2024-06-03
18718805233,2024-06-05 13:23:00,Visa (Apple Pay EMV),2.75,0024($2.75),1.0,2024-06-05
18723590639,2024-06-06 11:06:00,Visa (Apple Pay EMV),4.0,000C($4.00),1.0,2024-06-06
18723583627,2024-06-06 11:06:00,Visa (EMV Contactless),6.25,"0016($2.25), 000B($4.00)",2.0,2024-06-06
18723708126,2024-06-06 11:22:00,Visa (Apple Pay EMV),2.25,0022($2.25),1.0,2024-06-06
18729518245,2024-06-07 12:07:00,Visa (EMV Contactless),4.25,"0019($1.25), 0003($3.00)",2.0,2024-06-07
18736314210,2024-06-09 09:05:00,Visa (Apple Pay EMV),4.0,000C($4.00),1.0,2024-06-09
18740516072,2024-06-10 09:27:00,Visa (Apple Pay EMV),9.0,"001E($2.25), 000A($4.00), 0023($2.75)",3.0,2024-06-10
18741462469,2024-06-10 11:44:00,Visa (Apple Pay EMV),4.0,000A($4.00),1.0,2024-06-10
18741924582,2024-06-10 12:55:00,Visa (Apple Pay EMV),1.25,0010($1.25),1.0,2024-06-10
18741954332,2024-06-10 13:00:00,Visa (Apple Pay EMV),4.5,"0022($2.25), 0022($2.25)",2.0,2024-06-10
18747421194,2024-06-11 12:45:00,Visa (Apple Pay EMV),3.5,"0014($2.25), 001A($1.25)",2.0,2024-06-11
18747521405,2024-06-11 13:01:00,Visa (Apple Pay EMV),6.25,"000A($4.00), 0016($2.25)",2.0,2024-06-11
18749115618,2024-06-11 19:19:00,Visa (Apple Pay EMV),7.75,"0022($2.25), 0023($2.75), 0024($2.75)",3.0,2024-06-11
18752219185,2024-06-12 10:48:00,Visa (Apple Pay EMV),3.5,"0014($2.25), 0010($1.25)",2.0,2024-06-12
18753264254,2024-06-12 13:28:00,Visa (Apple Pay EMV),4.0,000A($4.00),1.0,2024-06-12
18753480712,2024-06-12 14:07:00,Cash,1.25,001A($1.25),1.0,2024-06-12
18760371803,2024-06-13 19:22:00,MasterCard (EMV Contactless),2.75,0025($2.75),1.0,2024-06-13
18765363212,2024-06-14 17:26:00,Visa (Swiped),1.25,0019($1.25),1.0,2024-06-14
18772411497,2024-06-16 19:02:00,MasterCard (EMV Contactless),2.75,0025($2.75),1.0,2024-06-16
18775037114,2024-06-17 10:21:00,Visa (Apple Pay EMV),2.25,0016($2.25),1.0,2024-06-17
18775449883,2024-06-17 11:25:00,Cash,1.25,001A($1.25),1.0,2024-06-17
18775828930,2024-06-17 12:23:00,Visa (Apple Pay EMV),4.0,000C($4.00),1.0,2024-06-17
18777696778,2024-06-17 19:42:00,MasterCard (EMV Contactless),2.75,0024($2.75),1.0,2024-06-17
18781713756,2024-06-18 13:28:00,Visa (Apple Pay Cash EMV),4.5,"0016($2.25), 0016($2.25)",2.0,2024-06-18
18783181275,2024-06-18 19:35:00,Visa (Apple Pay EMV),4.0,000A($4.00),1.0,2024-06-18
18793053325,2024-06-20 16:09:00,Visa (EMV Contactless),1.0,002C($1.00),1.0,2024-06-20
18796021110,2024-06-21 09:07:00,Cash,1.25,001A($1.25),1.0,2024-06-21
18800839503,2024-06-22 10:00:00,Cash,4.0,000A($4.00),1.0,2024-06-22
18800845140,2024-06-22 10:01:00,Visa (Apple Pay EMV),2.75,0023($2.75),1.0,2024-06-22
18802942996,2024-06-22 20:34:00,Visa (Apple Pay EMV),2.75,0024($2.75),1.0,2024-06-22
18802946123,2024-06-22 20:35:00,Visa (Apple Pay EMV),4.0,000B($4.00),1.0,2024-06-22
18808757467,2024-06-24 11:02:00,Visa (EMV Contactless),1.25,0019($1.25),1.0,2024-06-24
18809078427,2024-06-24 11:52:00,Cash,2.25,0014($2.25),1.0,2024-06-24
18810401355,2024-06-24 15:58:00,Visa (Apple Pay EMV),6.75,"001F($2.25), 001F($2.25), 001F($2.25)",3.0,2024-06-24
18812464884,2024-06-25 06:19:00,Visa (Apple Pay EMV),8.0,"000B($4.00), 000B($4.00)",2.0,2024-06-25
18816571468,2024-06-25 18:49:00,MasterCard (EMV Contactless),2.75,0024($2.75),1.0,2024-06-25
18817079793,2024-06-25 22:43:00,Visa (Google Pay EMV),5.5,"0023($2.75), 0023($2.75)",2.0,2024-06-25
18825165523,2024-06-27 10:12:00,Cash,1.0,002C($1.00),1.0,2024-06-27
18827945723,2024-06-27 19:31:00,Visa (Swiped),2.75,0023($2.75),1.0,2024-06-27
18833177110,2024-06-28 18:38:00,Visa (Swiped),2.75,0023($2.75),1.0,2024-06-28
18833266046,2024-06-28 19:08:00,Visa (Apple Pay EMV),1.0,002B($1.00),1.0,2024-06-28
18836537790,2024-06-29 15:50:00,Cash,2.25,0015($2.25),1.0,2024-06-29
18837282467,2024-06-29 20:43:00,Visa (EMV Contactless),4.5,"0016($2.25), 0016($2.25)",2.0,2024-06-29
18837358617,2024-06-29 21:29:00,Visa (Apple Pay EMV),2.25,0014($2.25),1.0,2024-06-29
18837359567,2024-06-29 21:30:00,Visa (Apple Pay EMV),4.5,"0014($2.25), 0014($2.25)",2.0,2024-06-29
18838461246,2024-06-30 09:58:00,Visa (Apple Pay EMV),1.25,0019($1.25),1.0,2024-06-30
18839863970,2024-06-30 16:49:00,Visa (Apple Pay EMV),6.75,"0015($2.25), 0015($2.25), 0015($2.25)",3.0,2024-06-30
18843165397,2024-07-01 11:11:00,Cash,2.25,0020($2.25),1.0,2024-07-01
18843639498,2024-07-01 12:24:00,Visa (Apple Pay EMV),2.25,0022($2.25),1.0,2024-07-01
18845163449,2024-07-01 17:44:00,Visa (Apple Pay EMV),2.75,0023($2.75),1.0,2024-07-01
18848703663,2024-07-02 11:23:00,Visa (Apple Pay EMV),2.25,0022($2.25),1.0,2024-07-02
18848712703,2024-07-02 11:24:00,Visa (Apple Pay EMV),6.75,"0020($2.25), 0020($2.25), 0020($2.25)",3.0,2024-07-02
18856675383,2024-07-03 21:10:00,Cash,1.0,002E($1.00),1.0,2024-07-03
18856674663,2024-07-03 21:10:00,Cash,1.0,002D($1.00),1.0,2024-07-03
18858403547,2024-07-04 11:29:00,Visa (Apple Pay EMV),2.25,001F($2.25),1.0,2024-07-04
18863561924,2024-07-05 17:31:00,Visa (Apple Pay EMV),4.0,000C($4.00),1.0,2024-07-05
18864443210,2024-07-06 02:31:00,Cash,2.25,0020($2.25),1.0,2024-07-06
18865746533,2024-07-06 11:04:00,Cash,1.25,0019($1.25),1.0,2024-07-06
18869048580,2024-07-07 11:53:00,Visa (Apple Pay EMV),2.25,0022($2.25),1.0,2024-07-07
18870600771,2024-07-07 21:40:00,Visa (Apple Pay EMV),1.0,002A($1.00),1.0,2024-07-07
18873985230,2024-07-08 13:14:00,Visa (Apple Pay Cash EMV),1.25,0019($1.25),1.0,2024-07-08
18875347398,2024-07-08 18:42:00,Cash,4.0,000C($4.00),1.0,2024-07-08
18877829309,2024-07-09 09:22:00,Visa (Apple Pay EMV),2.75,001C($2.75),1.0,2024-07-09
18881138195,2024-07-09 21:19:00,Cash,4.0,000C($4.00),1.0,2024-07-09
18884330115,2024-07-10 11:53:00,Visa (Apple Pay EMV),4.5,"0021($2.25), 001F($2.25)",2.0,2024-07-10
18886332151,2024-07-10 19:05:00,Visa (Apple Pay EMV),2.75,0026($2.75),1.0,2024-07-10
18886629378,2024-07-10 21:06:00,Cash,2.25,0021($2.25),1.0,2024-07-10
18886987910,2024-07-11 01:12:00,Visa (Apple Pay EMV),2.25,001E($2.25),1.0,2024-07-11
18891081807,2024-07-11 15:18:00,Cash,4.0,000A($4.00),1.0,2024-07-11
18891884635,2024-07-11 18:47:00,Cash,3.0,000C($3.00),1.0,2024-07-11
18891884585,2024-07-11 18:47:00,Visa (EMV Contactless),1.0,000C($1.00),1.0,2024-07-11
18899280242,2024-07-13 10:33:00,Visa (Apple Pay Cash EMV),6.25,"001A($1.25), 0021($2.25), 0025($2.75)",3.0,2024-07-13
18904367394,2024-07-14 20:55:00,Visa (EMV Contactless),1.25,0018($1.25),1.0,2024-07-14
18904456508,2024-07-14 21:57:00,Visa (Apple Pay EMV),4.0,000B($4.00),1.0,2024-07-14
18906898927,2024-07-15 10:30:00,Visa (Apple Pay EMV),8.0,"000B($4.00), 000B($4.00)",2.0,2024-07-15
18907533594,2024-07-15 12:07:00,Visa (Apple Pay EMV),1.25,0019($1.25),1.0,2024-07-15
18908118143,2024-07-15 13:45:00,Visa (Apple Pay EMV),6.75,"0021($2.25), 0021($2.25), 001F($2.25)",3.0,2024-07-15
18913203541,2024-07-16 12:33:00,Visa (Apple Pay EMV),2.25,0015($2.25),1.0,2024-07-16
18913287866,2024-07-16 12:47:00,Visa (Apple Pay EMV),8.0,"000C($4.00), 000B($4.00)",2.0,2024-07-16
18915471031,2024-07-16 23:40:00,Visa (Apple Pay EMV),2.25,001E($2.25),1.0,2024-07-16
18922948924,2024-07-18 09:05:00,Visa (Apple Pay EMV),4.0,000A($4.00),1.0,2024-07-18
18929412958,2024-07-19 11:11:00,Visa (Apple Pay EMV),4.75,"0019($1.25), 001E($2.25), 0019($1.25)",3.0,2024-07-19
18929493252,2024-07-19 11:24:00,Visa (Apple Pay EMV),1.0,0030($1.00),1.0,2024-07-19
18930055066,2024-07-19 12:57:00,Visa (Apple Pay EMV),3.0,"0030($1.00), 0029($1.00), 0029($1.00)",3.0,2024-07-19
18930059956,2024-07-19 12:58:00,Visa (Apple Pay EMV),1.0,0029($1.00),1.0,2024-07-19
18935157597,2024-07-20 17:15:00,Visa (Apple Pay EMV),8.0,"000A($4.00), 000A($4.00)",2.0,2024-07-20
18935765739,2024-07-20 22:03:00,Visa (Google Pay EMV),3.0,0008($3.00),1.0,2024-07-20
18935767108,2024-07-20 22:03:00,Visa (Google Pay EMV),3.0,0008($3.00),1.0,2024-07-20
18936728939,2024-07-21 09:34:00,Visa (Apple Pay EMV),1.25,0018($1.25),1.0,2024-07-21
18937389688,2024-07-21 12:36:00,Visa (EMV Contactless),3.75,"0017($1.25), 0017($1.25), 0017($1.25)",3.0,2024-07-21
18940809571,2024-07-22 09:18:00,Visa (Apple Pay EMV),2.75,0026($2.75),1.0,2024-07-22
18941564742,2024-07-22 11:08:00,Visa (Apple Pay EMV),4.0,000A($4.00),1.0,2024-07-22
18957351894,2024-07-25 08:56:00,Visa (Apple Pay EMV),5.5,"001C($2.75), 001C($2.75)",2.0,2024-07-25
18963740821,2024-07-26 10:51:00,Visa (Apple Pay EMV),2.5,"0017($1.25), 001A($1.25)",2.0,2024-07-26
18966242601,2024-07-26 20:09:00,Visa (Apple Pay EMV),2.75,001C($2.75),1.0,2024-07-26
18973174439,2024-07-28 20:32:00,Visa (EMV Contactless),4.0,000A($4.00),1.0,2024-07-28
19000674656,2024-08-02 19:25:00,Visa (EMV Contactless),2.75,0025($2.75),1.0,2024-08-02
19005965956,2024-08-04 10:30:00,Visa (Apple Pay EMV),2.75,0026($2.75),1.0,2024-08-04
19011348377,2024-08-05 13:04:00,Visa (Apple Pay EMV),1.25,0018($1.25),1.0,2024-08-05
19015357636,2024-08-06 09:19:00,Cash,3.0,0007($3.00),1.0,2024-08-06
19015361952,2024-08-06 09:20:00,Cash,3.0,0008($3.00),1.0,2024-08-06
19015366795,2024-08-06 09:21:00,Cash,3.0,0006($3.00),1.0,2024-08-06
19015373879,2024-08-06 09:22:00,Cash,3.0,0005($3.00),1.0,2024-08-06
19015372117,2024-08-06 09:22:00,Cash,3.0,0005($3.00),1.0,2024-08-06
19015377587,2024-08-06 09:22:00,Cash,3.0,0004($3.00),1.0,2024-08-06
19015380604,2024-08-06 09:23:00,Cash,3.0,0003($3.00),1.0,2024-08-06
19015415172,2024-08-06 09:28:00,Cash,3.75,0002($3.75),1.0,2024-08-06
19015420040,2024-08-06 09:29:00,Cash,3.75,0001($3.75),1.0,2024-08-06
19015607389,2024-08-06 09:54:00,Visa (Apple Pay Cash EMV),2.5,0020($2.50),1.0,2024-08-06
19015612954,2024-08-06 09:55:00,Visa (Apple Pay Cash EMV),2.0,0019($2.00),1.0,2024-08-06
19016997919,2024-08-06 13:18:00,Visa (Apple Pay Cash EMV),2.5,0023($2.50),1.0,2024-08-06
19018464705,2024-08-06 19:08:00,Visa (Apple Pay Cash EMV),4.0,000D($4.00),1.0,2024-08-06
19018466459,2024-08-06 19:08:00,Visa (Apple Pay EMV),4.0,000E($4.00),1.0,2024-08-06
19018468779,2024-08-06 19:09:00,Visa (Apple Pay Cash EMV),4.0,000F($4.00),1.0,2024-08-06
19018803679,2024-08-06 21:38:00,Visa (EMV Contactless),4.0,000C($4.00),1.0,2024-08-06
19021848026,2024-08-07 11:25:00,Visa (Apple Pay Cash EMV),2.5,0025($2.50),1.0,2024-08-07
19022384539,2024-08-07 12:45:00,Visa (Apple Pay Cash EMV),1.0,002F($1.00),1.0,2024-08-07
19022488917,2024-08-07 13:01:00,Visa (Apple Pay Cash EMV),2.5,0021($2.50),1.0,2024-08-07
19023670929,2024-08-07 17:04:00,Visa (Apple Pay Cash EMV),1.0,002C($1.00),1.0,2024-08-07
19024103804,2024-08-07 19:17:00,Visa (Apple Pay EMV),2.0,0015($2.00),1.0,2024-08-07
19026451417,2024-08-08 08:59:00,Cash,2.5,0021($2.50),1.0,2024-08-08
19026785726,2024-08-08 09:42:00,Cash,4.0,0010($4.00),1.0,2024-08-08
19028184151,2024-08-08 13:07:00,Visa (Apple Pay EMV),7.5,"001F($2.50), 001F($2.50), 001F($2.50)",3.0,2024-08-08
19033517064,2024-08-09 12:38:00,Cash,1.0,001C($1.00),1.0,2024-08-09
19041483112,2024-08-11 14:51:00,Visa (Apple Pay EMV),2.5,001E($2.50),1.0,2024-08-11
19041685786,2024-08-11 15:55:00,Cash,4.0,000F($4.00),1.0,2024-08-11
19045870547,2024-08-12 12:46:00,Cash,2.0,0017($2.00),1.0,2024-08-12
19045943400,2024-08-12 12:58:00,Visa (EMV Contactless),4.0,000E($4.00),1.0,2024-08-12
19046342830,2024-08-12 14:06:00,Visa (Apple Pay EMV),5.0,"0022($2.50), 0022($2.50)",2.0,2024-08-12
19052390974,2024-08-13 15:29:00,Cash,2.5,0021($2.50),1.0,2024-08-13
19058558692,2024-08-14 17:13:00,MasterCard (EMV Contactless),2.0,001B($2.00),1.0,2024-08-14
19064542607,2024-08-15 17:46:00,Visa (Swiped),8.0,"000E($4.00), 000E($4.00)",2.0,2024-08-15
19065841312,2024-08-16 04:43:00,Visa (Apple Pay EMV),2.5,001F($2.50),1.0,2024-08-16
19070219218,2024-08-16 18:00:00,Visa (EMV Contactless),2.0,"0030($1.00), 0028($1.00)",2.0,2024-08-16
19070315112,2024-08-16 18:30:00,MasterCard (Swiped),2.0,001A($2.00),1.0,2024-08-16
19073708555,2024-08-17 15:44:00,Cash,2.5,0023($2.50),1.0,2024-08-17
19075966696,2024-08-18 11:26:00,Visa (Apple Pay EMV),2.5,0025($2.50),1.0,2024-08-18
19076275998,2024-08-18 12:46:00,Cash,2.5,0022($2.50),1.0,2024-08-18
19076755604,2024-08-18 14:59:00,Visa (Apple Pay Cash EMV),2.5,001E($2.50),1.0,2024-08-18
19081498906,2024-08-19 13:27:00,Cash,2.0,0017($2.00),1.0,2024-08-19
19081726897,2024-08-19 14:07:00,Visa (Apple Pay Cash EMV),5.0,"001E($2.50), 001F($2.50)",2.0,2024-08-19
19082007355,2024-08-19 15:02:00,Visa (Apple Pay Cash EMV),5.0,"0023($2.50), 001E($2.50)",2.0,2024-08-19
19088555589,2024-08-20 17:58:00,Cash,2.5,0021($2.50),1.0,2024-08-20
19088862084,2024-08-20 19:42:00,MasterCard (Swiped),5.0,"0021($2.50), 0021($2.50)",2.0,2024-08-20
19119109612,2024-08-26 19:07:00,Cash,1.0,0014($1.00),1.0,2024-08-26
19119214426,2024-08-26 19:46:00,Visa (EMV Contactless),2.5,0020($2.50),1.0,2024-08-26
19119505021,2024-08-26 22:10:00,Cash,1.0,001C($1.00),1.0,2024-08-26
19121976608,2024-08-27 09:49:00,Visa (Apple Pay EMV),1.0,001C($1.00),1.0,2024-08-27
19122787409,2024-08-27 11:30:00,Visa (Apple Pay EMV),2.5,0025($2.50),1.0,2024-08-27
19125093883,2024-08-27 19:01:00,Visa (Apple Pay Cash EMV),3.0,"0000($1.00), 0000($1.00), 0001($1.00)",3.0,2024-08-27
19125098192,2024-08-27 19:02:00,Visa (Apple Pay Cash EMV),8.0,"000D($4.00), 0011($4.00)",2.0,2024-08-27
19129122864,2024-08-28 12:08:00,Visa (EMV Contactless),2.5,0024($2.50),1.0,2024-08-28
19136841665,2024-08-29 16:53:00,Cash,1.0,0002($1.00),1.0,2024-08-29
19136843206,2024-08-29 16:53:00,Cash,1.0,0000($1.00),1.0,2024-08-29
19136845906,2024-08-29 16:54:00,Cash,1.0,0002($1.00),1.0,2024-08-29
19136963162,2024-08-29 17:23:00,Visa (Apple Pay EMV),2.0,0015($2.00),1.0,2024-08-29
19137911143,2024-08-30 00:01:00,Visa (Apple Pay EMV),2.5,0022($2.50),1.0,2024-08-30
19141595891,2024-08-30 13:19:00,Visa (EMV Contactless),2.5,0022($2.50),1.0,2024-08-30
19142381582,2024-08-30 15:55:00,Visa (Apple Pay EMV),4.0,000C($4.00),1.0,2024-08-30
19143196513,2024-08-30 19:48:00,Visa (Apple Pay EMV),4.0,000E($4.00),1.0,2024-08-30
19143199033,2024-08-30 19:49:00,Visa (Apple Pay EMV),6.0,"0012($4.00), 0016($2.00)",2.0,2024-08-30
19146511999,2024-08-31 16:31:00,Visa (Apple Pay EMV),2.5,001F($2.50),1.0,2024-08-31
19147147124,2024-08-31 20:50:00,Visa (Apple Pay Cash EMV),4.0,"0005($1.00), 0004($1.00), 001B($2.00)",3.0,2024-08-31
19148443510,2024-09-01 10:30:00,Visa (Apple Pay EMV),2.5,0020($2.50),1.0,2024-09-01
19149437796,2024-09-01 14:52:00,Visa (Apple Pay EMV),2.0,"0029($1.00), 002F($1.00)",2.0,2024-09-01
19149517872,2024-09-01 15:17:00,Visa (Apple Pay EMV),1.0,001C($1.00),1.0,2024-09-01
19149834001,2024-09-01 17:03:00,Visa (Apple Pay EMV),1.0,001C($1.00),1.0,2024-09-01
19150139591,2024-09-01 19:12:00,Visa (Apple Pay EMV),3.0,"0014($1.00), 0014($1.00), 0014($1.00)",3.0,2024-09-01
19150178186,2024-09-01 19:31:00,Visa (EMV Contactless),2.0,0018($2.00),1.0,2024-09-01
19168769770,2024-09-05 11:00:00,Visa (Apple Pay EMV),6.0,"000F($4.00), 0017($2.00)",2.0,2024-09-05
19169753004,2024-09-05 13:10:00,Visa (Apple Pay EMV),4.0,000C($4.00),1.0,2024-09-05
19174844099,2024-09-06 11:01:00,Visa (Apple Pay EMV),2.5,0020($2.50),1.0,2024-09-06
19176335419,2024-09-06 15:02:00,Visa (Apple Pay EMV),2.0,0016($2.00),1.0,2024-09-06
19180880443,2024-09-07 17:18:00,Visa (Apple Pay EMV),2.0,0015($2.00),1.0,2024-09-07
19183673831,2024-09-08 15:00:00,Visa (Apple Pay EMV),2.5,0023($2.50),1.0,2024-09-08
19184170449,2024-09-08 17:52:00,Cash,1.0,0002($1.00),1.0,2024-09-08
19186106463,2024-09-09 07:46:00,Visa (Apple Pay EMV),4.0,0010($4.00),1.0,2024-09-09
19188643569,2024-09-09 13:16:00,Visa (Apple Pay EMV),5.0,"0023($2.50), 0022($2.50)",2.0,2024-09-09
19189507951,2024-09-09 15:51:00,Cash,2.5,0020($2.50),1.0,2024-09-09
19190511270,2024-09-09 20:57:00,Visa (EMV Contactless),2.0,001A($2.00),1.0,2024-09-09
19195188041,2024-09-10 14:16:00,Visa (Apple Pay EMV),2.5,0023($2.50),1.0,2024-09-10
19200780835,2024-09-11 12:52:00,Visa (Apple Pay EMV),5.0,"001F($2.50), 0020($2.50)",2.0,2024-09-11
19206389908,2024-09-12 11:36:00,Visa (EMV Contactless),2.5,0025($2.50),1.0,2024-09-12
19208437888,2024-09-12 17:32:00,Cash,2.0,001A($2.00),1.0,2024-09-12
19213409935,2024-09-13 14:06:00,Visa (EMV Contactless),4.0,0010($4.00),1.0,2024-09-13
19217284251,2024-09-14 12:55:00,MasterCard (EMV Contactless),2.0,0017($2.00),1.0,2024-09-14
19219973274,2024-09-15 10:14:00,Cash,2.0,0015($2.00),1.0,2024-09-15
19221688854,2024-09-15 19:07:00,Visa (Apple Pay EMV),2.5,0025($2.50),1.0,2024-09-15
19221691806,2024-09-15 19:09:00,Visa (Apple Pay EMV),3.0,"0006($1.00), 0000($1.00), 0000($1.00)",3.0,2024-09-15
19221817169,2024-09-15 20:13:00,MasterCard (Swiped),2.5,0023($2.50),1.0,2024-09-15
19225852108,2024-09-16 13:03:00,Visa (EMV Contactless),2.5,0023($2.50),1.0,2024-09-16
19226407773,2024-09-16 14:34:00,Visa (Apple Pay EMV),2.5,0023($2.50),1.0,2024-09-16
19226821457,2024-09-16 15:57:00,Cash,1.0,0029($1.00),1.0,2024-09-16
19227248384,2024-09-16 17:40:00,Cash,1.0,0000($1.00),1.0,2024-09-16
19227249348,2024-09-16 17:40:00,Cash,1.0,0002($1.00),1.0,2024-09-16
19230713583,2024-09-17 10:16:00,Visa (EMV Contactless),4.5,"0024($2.50), 0000($1.00), 0001($1.00)",3.0,2024-09-17
19232670274,2024-09-17 14:51:00,Visa (Apple Pay EMV),2.0,0016($2.00),1.0,2024-09-17
19233693647,2024-09-17 19:00:00,Cash,4.0,000F($4.00),1.0,2024-09-17
19236543789,2024-09-18 09:34:00,Visa (Apple Pay EMV),2.0,0016($2.00),1.0,2024-09-18
19240531723,2024-09-19 00:59:00,Cash,2.5,0024($2.50),1.0,2024-09-19
19246644363,2024-09-19 22:41:00,Visa (Apple Pay EMV),6.0,"000A($2.00), 000A($2.00), 000B($2.00)",3.0,2024-09-19
19247865572,2024-09-20 07:00:00,Cash,1.0,0000($1.00),1.0,2024-09-20
19251662509,2024-09-20 17:16:00,Cash,2.0,0018($2.00),1.0,2024-09-20
19255470234,2024-09-21 16:12:00,Visa (Apple Pay EMV),2.5,0024($2.50),1.0,2024-09-21
19256396875,2024-09-21 23:35:00,Cash,2.0,0018($2.00),1.0,2024-09-21
19257540958,2024-09-22 10:50:00,Visa (Apple Pay EMV),5.0,"0024($2.50), 0024($2.50)",2.0,2024-09-22
19258629684,2024-09-22 15:51:00,MasterCard (EMV Contactless),1.0,0030($1.00),1.0,2024-09-22
19259131363,2024-09-22 19:05:00,Visa (EMV Contactless),2.0,0015($2.00),1.0,2024-09-22
19263100629,2024-09-23 12:31:00,Visa (Apple Pay EMV),2.0,0016($2.00),1.0,2024-09-23
19263171398,2024-09-23 12:42:00,Visa (Apple Pay EMV),2.0,0016($2.00),1.0,2024-09-23
19264451001,2024-09-23 16:29:00,Cash,2.0,0017($2.00),1.0,2024-09-23
19267994231,2024-09-24 09:53:00,Visa (EMV Contactless),5.5,"0024($2.50), 0018($2.00), 0001($1.00)",3.0,2024-09-24
19287431310,2024-09-27 12:48:00,Visa (Apple Pay EMV),2.5,0024($2.50),1.0,2024-09-27
19291812756,2024-09-28 13:18:00,Visa (Apple Pay EMV),2.5,0024($2.50),1.0,2024-09-28
19292235979,2024-09-28 15:05:00,Visa (Apple Pay EMV),5.0,"0017($2.00), 0014($1.00), 0015($2.00)",3.0,2024-09-28
19292600534,2024-09-28 16:52:00,Visa (Apple Pay EMV),7.5,"0025($2.50), 0025($2.50), 0025($2.50)",3.0,2024-09-28
19295259625,2024-09-29 13:58:00,Visa (Apple Pay EMV),2.5,0025($2.50),1.0,2024-09-29
19299357952,2024-09-30 10:55:00,Visa (Apple Pay EMV),2.5,0026($2.50),1.0,2024-09-30
19302331523,2024-09-30 21:26:00,Visa (Apple Pay EMV),2.5,0026($2.50),1.0,2024-09-30
19307752493,2024-10-01 17:10:00,Visa (EMV Contactless),2.5,0026($2.50),1.0,2024-10-01
19308174820,2024-10-01 19:16:00,Visa (Apple Pay EMV),1.0,002D($1.00),1.0,2024-10-01
19313339092,2024-10-02 14:57:00,Cash,2.0,0015($2.00),1.0,2024-10-02
19314185600,2024-10-02 18:10:00,Visa (Apple Pay EMV),1.0,002D($1.00),1.0,2024-10-02
19314355242,2024-10-02 19:04:00,Visa (Apple Pay EMV),2.0,0016($2.00),1.0,2024-10-02
19318678228,2024-10-03 12:34:00,Visa (EMV Contactless),4.5,"0026($2.50), 0004($1.00), 0005($1.00)",3.0,2024-10-03
19318744902,2024-10-03 12:43:00,Visa (Apple Pay EMV),2.5,0026($2.50),1.0,2024-10-03
19318762198,2024-10-03 12:46:00,Discover (Apple Pay EMV),2.5,0025($2.50),1.0,2024-10-03
19320093459,2024-10-03 16:43:00,Discover (Apple Pay EMV),2.5,0026($2.50),1.0,2024-10-03
19320373262,2024-10-03 17:54:00,Cash,2.5,0021($2.50),1.0,2024-10-03
19325703657,2024-10-04 15:36:00,Visa (Apple Pay EMV),2.5,001E($2.50),1.0,2024-10-04
19326128340,2024-10-04 17:19:00,Visa (Apple Pay EMV),1.0,002D($1.00),1.0,2024-10-04
19330103756,2024-10-05 17:05:00,MasterCard (EMV Contactless),4.0,000C($4.00),1.0,2024-10-05
19330167182,2024-10-05 17:27:00,Discover (Apple Pay EMV),1.0,002A($1.00),1.0,2024-10-05
19333312476,2024-10-06 16:55:00,Visa (Google Pay EMV),5.0,"0022($2.50), 0022($2.50)",2.0,2024-10-06
19339394293,2024-10-07 18:13:00,Visa (Apple Pay EMV),1.0,002D($1.00),1.0,2024-10-07
19341639333,2024-10-08 07:58:00,Visa (Apple Pay EMV),7.5,"0020($2.50), 0020($2.50), 0020($2.50)",3.0,2024-10-08
19345772239,2024-10-08 19:02:00,Visa (Apple Pay EMV),1.0,002E($1.00),1.0,2024-10-08
19345834566,2024-10-08 19:24:00,Cash,2.5,0026($2.50),1.0,2024-10-08
19352323960,2024-10-09 22:02:00,Discover (Apple Pay EMV),2.5,0023($2.50),1.0,2024-10-09
19356965618,2024-10-10 14:47:00,American Express (Apple Pay EMV),1.0,0003($1.00),1.0,2024-10-10
19361088697,2024-10-11 10:14:00,MasterCard (EMV Contactless),5.5,"0025($2.50), 001C($1.00), 001B($2.00)",3.0,2024-10-11
19362528189,2024-10-11 13:51:00,Visa (Apple Pay Cash EMV),4.5,"001E($2.50), 0014($1.00), 0014($1.00)",3.0,2024-10-11
19366745096,2024-10-12 13:43:00,Visa (Apple Pay EMV),2.5,001E($2.50),1.0,2024-10-12
19367466834,2024-10-12 17:05:00,Visa (Apple Pay EMV),2.0,0016($2.00),1.0,2024-10-12
19369039401,2024-10-13 09:14:00,MasterCard (EMV Contactless),4.0,"0000($1.00), 0001($1.00), 001B($2.00)",3.0,2024-10-13
19371409798,2024-10-13 23:31:00,Discover (Apple Pay EMV),2.5,0023($2.50),1.0,2024-10-13
19371602062,2024-10-14 02:53:00,Discover (Apple Pay EMV),4.0,"0000($1.00), 0001($1.00), 0016($2.00)",3.0,2024-10-14
19382724876,2024-10-15 19:13:00,Cash,1.0,0000($1.00),1.0,2024-10-15
19383436819,2024-10-16 02:14:00,Visa (Apple Pay EMV),6.0,"0015($2.00), 0015($2.00), 0015($2.00)",3.0,2024-10-16
19389502542,2024-10-16 22:48:00,Visa (Apple Pay EMV),1.0,0002($1.00),1.0,2024-10-16
19393680474,2024-10-17 13:09:00,Visa (Apple Pay EMV),2.5,001E($2.50),1.0,2024-10-17
19396228248,2024-10-18 02:49:00,Cash,2.0,001B($2.00),1.0,2024-10-18
19400004582,2024-10-18 13:51:00,Visa (EMV Contactless),2.5,0024($2.50),1.0,2024-10-18
19400205514,2024-10-18 14:27:00,Visa (Apple Pay EMV),2.0,0016($2.00),1.0,2024-10-18
19401435060,2024-10-18 19:36:00,Visa (Apple Pay EMV),2.5,001E($2.50),1.0,2024-10-18
19403995225,2024-10-19 12:35:00,Visa (EMV Contactless),6.0,"0015($2.00), 0016($2.00), 0017($2.00)",3.0,2024-10-19
19405027083,2024-10-19 17:01:00,MasterCard (EMV Contactless),2.0,0018($2.00),1.0,2024-10-19
19405418065,2024-10-19 19:28:00,Cash,4.0,0010($4.00),1.0,2024-10-19
19407473041,2024-10-20 12:55:00,Visa (Apple Pay EMV),4.5,"001E($2.50), 0000($1.00), 0001($1.00)",3.0,2024-10-20
19417364142,2024-10-22 09:33:00,Visa (Apple Pay EMV),7.5,"0025($2.50), 0026($2.50), 0025($2.50)",3.0,2024-10-22
19420829119,2024-10-22 19:25:00,Cash,4.0,000F($4.00),1.0,2024-10-22
19421372133,2024-10-23 00:17:00,Cash,2.5,001F($2.50),1.0,2024-10-23
19424953635,2024-10-23 12:20:00,Visa (Apple Pay EMV),3.0,"002E($1.00), 002E($1.00), 002E($1.00)",3.0,2024-10-23
19426208527,2024-10-23 15:46:00,Visa (Apple Pay EMV),2.0,001B($2.00),1.0,2024-10-23
19426847918,2024-10-23 18:26:00,Visa (Apple Pay EMV),4.0,000F($4.00),1.0,2024-10-23
19427396630,2024-10-23 22:07:00,Visa (Apple Pay EMV),4.0,"0014($1.00), 0014($1.00), 001B($2.00)",3.0,2024-10-23
19427646607,2024-10-24 01:04:00,Visa (Apple Pay EMV),3.0,"001C($1.00), 001C($1.00), 001C($1.00)",3.0,2024-10-24
19430575787,2024-10-24 10:57:00,Visa (Apple Pay EMV),7.5,"0025($2.50), 0025($2.50), 0025($2.50)",3.0,2024-10-24
19431755394,2024-10-24 13:35:00,Visa (EMV Contactless),2.5,001E($2.50),1.0,2024-10-24
19432823508,2024-10-24 17:02:00,Visa (Apple Pay EMV),4.0,000F($4.00),1.0,2024-10-24
19439080362,2024-10-25 19:13:00,Visa (Swiped),2.5,001F($2.50),1.0,2024-10-25
19439093640,2024-10-25 19:17:00,Visa (Apple Pay EMV),2.0,"0000($1.00), 0001($1.00)",2.0,2024-10-25
19439095871,2024-10-25 19:18:00,Visa (Apple Pay EMV),1.0,0000($1.00),1.0,2024-10-25
19439098382,2024-10-25 19:19:00,Visa (Apple Pay EMV),1.0,0002($1.00),1.0,2024-10-25
19439774631,2024-10-26 02:23:00,Visa (Apple Pay EMV),3.0,"002C($1.00), 002C($1.00), 002C($1.00)",3.0,2024-10-26
19441455354,2024-10-26 11:54:00,Visa (EMV Contactless),2.5,001F($2.50),1.0,2024-10-26
19450651574,2024-10-28 13:46:00,Visa (Apple Pay EMV),7.5,"0020($2.50), 0020($2.50), 0020($2.50)",3.0,2024-10-28
19451933432,2024-10-28 18:27:00,Visa (Apple Pay EMV),4.0,000F($4.00),1.0,2024-10-28
19452578310,2024-10-28 23:29:00,Visa (Apple Pay EMV),2.5,0021($2.50),1.0,2024-10-28
19452770370,2024-10-29 02:17:00,Visa (Apple Pay EMV),3.0,"0029($1.00), 0029($1.00), 0029($1.00)",3.0,2024-10-29
19465079900,2024-10-31 02:20:00,Visa (Apple Pay Cash EMV),2.0,"002A($1.00), 002A($1.00)",2.0,2024-10-31
19475541116,2024-11-01 19:44:00,Visa (Apple Pay EMV),1.0,0000($1.00),1.0,2024-11-01
19477559732,2024-11-02 11:07:00,Cash,2.5,001F($2.50),1.0,2024-11-02
19481349814,2024-11-03 12:37:00,MasterCard (EMV Contactless),3.5,"0020($2.50), 001C($1.00)",2.0,2024-11-03
19493678622,2024-11-05 17:03:00,MasterCard (EMV Contactless),1.0,001C($1.00),1.0,2024-11-05
19493696450,2024-11-05 17:06:00,Visa (Apple Pay EMV),2.5,0021($2.50),1.0,2024-11-05
19499194686,2024-11-06 14:57:00,Visa (Apple Pay EMV),1.0,001C($1.00),1.0,2024-11-06
19499748456,2024-11-06 17:02:00,Cash,4.0,000E($4.00),1.0,2024-11-06
19503925579,2024-11-07 11:15:00,Visa (Apple Pay Cash EMV),5.0,"0022($2.50), 0021($2.50)",2.0,2024-11-07
19506452943,2024-11-07 19:31:00,Visa (EMV Contactless),2.5,0022($2.50),1.0,2024-11-07
19514306584,2024-11-09 10:50:00,Cash,2.5,0022($2.50),1.0,2024-11-09
19514940927,2024-11-09 13:10:00,Visa (EMV Contactless),3.5,"0023($2.50), 001C($1.00)",2.0,2024-11-09
19517777964,2024-11-10 11:12:00,Cash,2.5,0024($2.50),1.0,2024-11-10
19518755225,2024-11-10 15:36:00,Visa (EMV Contactless),2.0,"0029($1.00), 0030($1.00)",2.0,2024-11-10
19519284037,2024-11-10 19:03:00,Cash,1.0,0006($1.00),1.0,2024-11-10
19523098302,2024-11-11 13:18:00,Visa (Google Pay EMV),2.5,0020($2.50),1.0,2024-11-11
19529354168,2024-11-12 14:09:00,Visa (EMV Contactless),1.0,0004($1.00),1.0,2024-11-12
19530173498,2024-11-12 17:01:00,Visa (Apple Pay EMV),3.0,"0001($1.00), 0000($1.00), 0001($1.00)",3.0,2024-11-12
19530937399,2024-11-12 21:34:00,Cash,2.0,0017($2.00),1.0,2024-11-12
19536346479,2024-11-13 17:07:00,Visa (Apple Pay EMV),2.5,0021($2.50),1.0,2024-11-13
19536890180,2024-11-13 19:59:00,MasterCard (EMV Contactless),2.0,0019($2.00),1.0,2024-11-13
19543302436,2024-11-14 21:04:00,Cash,2.0,0018($2.00),1.0,2024-11-14
19545541140,2024-11-15 09:00:00,Visa (Apple Pay EMV),7.5,"0022($2.50), 0022($2.50), 0023($2.50)",3.0,2024-11-15
19548465089,2024-11-15 17:03:00,Visa (Apple Pay EMV),2.5,0025($2.50),1.0,2024-11-15
19549201434,2024-11-15 21:32:00,Visa (EMV Contactless),4.0,000E($4.00),1.0,2024-11-15
19549551511,2024-11-16 02:09:00,Visa (Apple Pay EMV),4.0,0012($4.00),1.0,2024-11-16
19559714433,2024-11-18 11:50:00,Visa (Apple Pay EMV),7.5,"0023($2.50), 0023($2.50), 0023($2.50)",3.0,2024-11-18
19560066022,2024-11-18 12:38:00,Visa (EMV Contactless),3.0,"0030($1.00), 0030($1.00), 0029($1.00)",3.0,2024-11-18
19560076404,2024-11-18 12:39:00,Visa (EMV Contactless),5.0,"0020($2.50), 001F($2.50)",2.0,2024-11-18
19561049751,2024-11-18 15:27:00,Visa (EMV Contactless),1.0,0006($1.00),1.0,2024-11-18
19567114433,2024-11-19 15:21:00,Cash,2.0,0019($2.00),1.0,2024-11-19
19572616227,2024-11-20 13:35:00,MasterCard (Swiped),2.0,"0001($1.00), 0000($1.00)",2.0,2024-11-20
19584530884,2024-11-22 12:47:00,Visa (Apple Pay EMV),7.5,"0024($2.50), 0024($2.50), 0024($2.50)",3.0,2024-11-22
19585293728,2024-11-22 15:08:00,Visa (Apple Pay EMV),1.0,0029($1.00),1.0,2024-11-22
19589203232,2024-11-23 14:00:00,Cash,2.5,0024($2.50),1.0,2024-11-23
19593196776,2024-11-24 17:17:00,Cash,2.0,0018($2.00),1.0,2024-11-24
19597489819,2024-11-25 13:11:00,Visa (Apple Pay EMV),5.0,"0024($2.50), 0024($2.50)",2.0,2024-11-25
19598232269,2024-11-25 15:31:00,Visa (Apple Pay EMV),2.5,001F($2.50),1.0,2024-11-25
19599399840,2024-11-25 21:53:00,Cash,2.0,0019($2.00),1.0,2024-11-25
19604422748,2024-11-26 17:19:00,Visa (Apple Pay EMV),2.5,0021($2.50),1.0,2024-11-26
19604825558,2024-11-26 19:26:00,Cash,2.0,0019($2.00),1.0,2024-11-26
19604972203,2024-11-26 20:26:00,Cash,2.0,0017($2.00),1.0,2024-11-26
19609642754,2024-11-27 17:18:00,Visa (Apple Pay EMV),1.0,0029($1.00),1.0,2024-11-27
19609646872,2024-11-27 17:20:00,Cash,2.0,0018($2.00),1.0,2024-11-27
19610148105,2024-11-27 20:27:00,Visa (Apple Pay EMV),3.0,"0004($1.00), 0004($1.00), 0004($1.00)",3.0,2024-11-27
19610150711,2024-11-27 20:28:00,Visa (Apple Pay EMV),4.0,000E($4.00),1.0,2024-11-27
19611774702,2024-11-28 12:52:00,Visa (Swiped),2.0,0017($2.00),1.0,2024-11-28
19611776126,2024-11-28 12:53:00,Visa (Swiped),1.0,0029($1.00),1.0,2024-11-28
19611983106,2024-11-28 14:27:00,Visa (Apple Pay Cash EMV),2.5,0021($2.50),1.0,2024-11-28
19618810137,2024-11-30 14:30:00,Cash,2.5,0023($2.50),1.0,2024-11-30
19621910931,2024-12-01 13:58:00,Cash,4.0,000D($4.00),1.0,2024-12-01
19622979960,2024-12-01 20:45:00,Cash,2.5,0025($2.50),1.0,2024-12-01
19626579135,2024-12-02 12:09:00,Visa (Google Pay EMV),4.0,000C($4.00),1.0,2024-12-02
19628916687,2024-12-02 20:51:00,Visa (Apple Pay EMV),4.0,000C($4.00),1.0,2024-12-02
19629142137,2024-12-02 22:58:00,Visa (Apple Pay EMV),4.0,0010($4.00),1.0,2024-12-02
19629146317,2024-12-02 23:00:00,Visa (Apple Pay EMV),4.0,0010($4.00),1.0,2024-12-02
19630670586,2024-12-03 07:52:00,Visa (Apple Pay EMV),3.0,"002B($1.00), 0003($1.00), 0003($1.00)",3.0,2024-12-03
19634242199,2024-12-03 16:21:00,Visa (Apple Pay EMV),4.0,000E($4.00),1.0,2024-12-03
19634966143,2024-12-03 19:45:00,Visa (Apple Pay EMV),4.0,0010($4.00),1.0,2024-12-03
19640805811,2024-12-04 17:52:00,Visa (Apple Pay EMV),8.0,"000D($4.00), 000E($4.00)",2.0,2024-12-04
19640817613,2024-12-04 17:56:00,Visa (Apple Pay EMV),4.0,000E($4.00),1.0,2024-12-04
19656145201,2024-12-07 13:17:00,Cash,1.0,0000($1.00),1.0,2024-12-07
19656736448,2024-12-07 15:47:00,Visa (Apple Pay EMV),4.0,000E($4.00),1.0,2024-12-07
19656852978,2024-12-07 16:21:00,Visa (Apple Pay EMV),1.0,0029($1.00),1.0,2024-12-07
19657091101,2024-12-07 17:38:00,Visa (Apple Pay EMV),4.0,0012($4.00),1.0,2024-12-07
19659343608,2024-12-08 12:28:00,Cash,2.0,001E($2.00),1.0,2024-12-08
19659399122,2024-12-08 12:42:00,Cash,2.0,0017($2.00),1.0,2024-12-08
19660162357,2024-12-08 16:15:00,Cash,1.0,0000($1.00),1.0,2024-12-08
19660324214,2024-12-08 17:11:00,Cash,2.0,0025($2.00),1.0,2024-12-08
19660452507,2024-12-08 18:02:00,Cash,2.0,0024($2.00),1.0,2024-12-08
19661090852,2024-12-09 00:37:00,Cash,2.0,0022($2.00),1.0,2024-12-09
19661102861,2024-12-09 00:50:00,Visa (Apple Pay EMV),6.0,"0019($2.00), 0019($2.00), 001A($2.00)",3.0,2024-12-09
19665567410,2024-12-09 15:35:00,Visa (EMV Contactless),3.0,000C($3.00),1.0,2024-12-09
19666028759,2024-12-09 17:26:00,American Express (EMV Contactless),3.0,000A($3.00),1.0,2024-12-09
19669959526,2024-12-10 11:17:00,Visa (Apple Pay EMV),6.0,"0023($2.00), 0023($2.00), 0023($2.00)",3.0,2024-12-10
19672115063,2024-12-10 17:52:00,Visa (EMV Contactless),3.0,0010($3.00),1.0,2024-12-10
19676156446,2024-12-11 11:44:00,Cash,1.0,0000($1.00),1.0,2024-12-11
19676344192,2024-12-11 12:10:00,Visa (Apple Pay EMV),6.0,"0023($2.00), 0023($2.00), 0023($2.00)",3.0,2024-12-11
19677693808,2024-12-11 16:09:00,Visa (Apple Pay EMV),2.0,0015($2.00),1.0,2024-12-11
19677697211,2024-12-11 16:10:00,Visa (Apple Pay EMV),2.0,0016($2.00),1.0,2024-12-11
19677723667,2024-12-11 16:17:00,Cash,2.0,0014($2.00),1.0,2024-12-11
19677737656,2024-12-11 16:20:00,Cash,2.0,001E($2.00),1.0,2024-12-11
19682899844,2024-12-12 13:28:00,Visa (Apple Pay EMV),2.0,0022($2.00),1.0,2024-12-12
19683083016,2024-12-12 13:59:00,Visa (Apple Pay EMV),2.0,0014($2.00),1.0,2024-12-12
19683115183,2024-12-12 14:04:00,Visa (Apple Pay EMV),2.0,0020($2.00),1.0,2024-12-12
19684014452,2024-12-12 17:17:00,Cash,2.0,0017($2.00),1.0,2024-12-12
19684238172,2024-12-12 18:20:00,Cash,1.0,0000($1.00),1.0,2024-12-12
19689940622,2024-12-13 18:12:00,Visa (Apple Pay EMV),2.0,0025($2.00),1.0,2024-12-13
19692562455,2024-12-14 12:07:00,MasterCard (EMV Contactless),4.0,"001B($2.00), 001C($2.00)",2.0,2024-12-14
19693054840,2024-12-14 14:01:00,Visa (Apple Pay EMV),2.0,0025($2.00),1.0,2024-12-14
19808664415,2025-01-11 12:14:00,Cash,1.0,0000($1.00),1.0,2025-01-11
19812618338,2025-01-12 17:18:00,Visa (EMV Contactless),1.0,002B($1.00),1.0,2025-01-12
19818151415,2025-01-13 19:00:00,Visa (Apple Pay EMV),2.0,001B($2.00),1.0,2025-01-13
19818645711,2025-01-13 23:35:00,Visa (Apple Pay EMV),3.0,0010($3.00),1.0,2025-01-13
19823752075,2025-01-14 18:40:00,Cash,2.0,0024($2.00),1.0,2025-01-14
19825325733,2025-01-15 06:54:00,Visa (EMV Contactless),2.0,0023($2.00),1.0,2025-01-15
19828801219,2025-01-15 15:37:00,Discover (Apple Pay EMV),1.0,0003($1.00),1.0,2025-01-15
19828982095,2025-01-15 16:19:00,Visa (Swiped),3.0,"001B($2.00), 002F($1.00)",2.0,2025-01-15
19829624182,2025-01-15 19:38:00,Cash,2.0,0023($2.00),1.0,2025-01-15
19839457956,2025-01-17 13:20:00,Visa (Apple Pay EMV),2.0,0022($2.00),1.0,2025-01-17
19840932951,2025-01-17 19:38:00,Cash,1.0,0000($1.00),1.0,2025-01-17
19845957914,2025-01-19 10:50:00,Cash,2.0,0022($2.00),1.0,2025-01-19
19847456893,2025-01-19 19:02:00,Visa (Apple Pay EMV),2.0,0025($2.00),1.0,2025-01-19
19851095365,2025-01-20 15:53:00,Visa (Apple Pay EMV),2.0,0020($2.00),1.0,2025-01-20
19851316984,2025-01-20 16:58:00,Cash,2.0,0020($2.00),1.0,2025-01-20
19851371386,2025-01-20 17:14:00,Cash,1.0,002B($1.00),1.0,2025-01-20
19851627104,2025-01-20 18:49:00,Visa (Apple Pay EMV),2.0,0024($2.00),1.0,2025-01-20
19855995764,2025-01-21 15:05:00,Visa (Apple Pay EMV),2.0,0019($2.00),1.0,2025-01-21
19856140475,2025-01-21 15:38:00,Visa (EMV Contactless),2.0,001F($2.00),1.0,2025-01-21
19856535034,2025-01-21 17:22:00,Visa (Swiped),4.0,"0026($2.00), 0026($2.00)",2.0,2025-01-21
19856594510,2025-01-21 17:40:00,Visa (Swiped),2.0,0017($2.00),1.0,2025-01-21
19866682749,2025-01-23 15:45:00,Visa (EMV Contactless),1.0,0005($1.00),1.0,2025-01-23
19866686694,2025-01-23 15:46:00,Visa (EMV Contactless),1.0,0004($1.00),1.0,2025-01-23
19866700611,2025-01-23 15:49:00,Visa (EMV Contactless),2.0,001F($2.00),1.0,2025-01-23
19872588912,2025-01-24 17:26:00,Cash,2.0,001A($2.00),1.0,2025-01-24
19872590512,2025-01-24 17:27:00,Cash,2.0,0016($2.00),1.0,2025-01-24
19875512824,2025-01-25 13:13:00,Visa (Apple Pay EMV),2.0,001E($2.00),1.0,2025-01-25
19878255878,2025-01-26 11:29:00,Visa (EMV Contactless),2.0,0015($2.00),1.0,2025-01-26
19879628432,2025-01-26 19:19:00,Cash,2.0,0021($2.00),1.0,2025-01-26
19879633950,2025-01-26 19:22:00,Visa (Apple Pay EMV),2.0,0025($2.00),1.0,2025-01-26
19885052239,2025-01-27 18:59:00,Visa (Apple Pay EMV),2.0,001C($2.00),1.0,2025-01-27
19896673687,2025-01-29 19:09:00,Visa (EMV Contactless),3.0,000F($3.00),1.0,2025-01-29
19907475700,2025-01-31 15:35:00,Visa (Apple Pay EMV),5.0,"000B($3.00), 0021($2.00)",2.0,2025-01-31
19908879829,2025-02-01 02:11:00,MasterCard (Apple Pay EMV),2.0,"002D($1.00), 002D($1.00)",2.0,2025-02-01
19954620694,2025-02-10 15:06:00,Visa (EMV Contactless),4.0,0002($4.00),1.0,2025-02-10
19960766524,2025-02-11 16:43:00,Cash,2.0,0007($2.00),1.0,2025-02-11
19966411396,2025-02-12 17:00:00,Cash,1.44,0001($1.44),1.0,2025-02-12
19972480266,2025-02-13 18:30:00,Cash,2.0,0000($2.00),1.0,2025-02-13
19972746688,2025-02-13 20:10:00,Visa (EMV Contactless),4.0,"0000($2.00), 0000($2.00)",2.0,2025-02-13
19976326280,2025-02-14 13:06:00,Visa (Apple Pay Cash EMV),2.0,0004($2.00),1.0,2025-02-14
19976638962,2025-02-14 14:11:00,American Express (Apple Pay EMV),2.0,0000($2.00),1.0,2025-02-14
19977726407,2025-02-14 19:25:00,Visa (Apple Pay EMV),2.0,0000($2.00),1.0,2025-02-14
19979922025,2025-02-15 12:21:00,Visa (Apple Pay EMV),6.0,"0000($2.00), 0000($2.00), 0000($2.00)",3.0,2025-02-15
19979933164,2025-02-15 12:23:00,Visa (Apple Pay Cash EMV),2.0,0000($2.00),1.0,2025-02-15
20006336990,2025-02-20 22:17:00,Cash,2.0,0000($2.00),1.0,2025-02-20
20006370611,2025-02-20 22:38:00,Visa (Apple Pay EMV),2.0,0000($2.00),1.0,2025-02-20
20009258588,2025-02-21 11:16:00,Cash,2.0,0000($2.00),1.0,2025-02-21
20009474556,2025-02-21 11:48:00,Visa (Apple Pay EMV),6.0,"0000($2.00), 0000($2.00), 0000($2.00)",3.0,2025-02-21
20015205664,2025-02-22 18:10:00,Visa (EMV Contactless),2.0,0004($2.00),1.0,2025-02-22
20017033773,2025-02-23 11:33:00,Visa (Apple Pay EMV),2.0,0000($2.00),1.0,2025-02-23
20017309956,2025-02-23 12:43:00,Cash,2.0,0003($2.00),1.0,2025-02-23
20017311217,2025-02-23 12:44:00,Cash,2.0,0003($2.00),1.0,2025-02-23
20017312688,2025-02-23 12:44:00,Cash,2.0,0003($2.00),1.0,2025-02-23
20017340591,2025-02-23 12:51:00,Cash,2.0,0007($2.00),1.0,2025-02-23
20017888637,2025-02-23 15:23:00,Visa (Apple Pay Cash EMV),2.0,0000($2.00),1.0,2025-02-23
20018221264,2025-02-23 17:21:00,Cash,2.0,0000($2.00),1.0,2025-02-23
20018556213,2025-02-23 20:01:00,Cash,2.0,0000($2.00),1.0,2025-02-23
20021560322,2025-02-24 10:56:00,Visa (Apple Pay EMV),8.0,"0001($4.00), 0001($4.00)",2.0,2025-02-24
20022387764,2025-02-24 12:48:00,Visa (Apple Pay Cash EMV),2.0,0000($2.00),1.0,2025-02-24
20024183888,2025-02-24 19:30:00,Cash,2.0,0000($2.00),1.0,2025-02-24
20028739198,2025-02-25 13:47:00,Cash,2.0,0007($2.00),1.0,2025-02-25
20035146632,2025-02-26 14:52:00,Visa (Swiped),2.0,0007($2.00),1.0,2025-02-26
20035771650,2025-02-26 17:09:00,Visa (Apple Pay EMV),2.0,0007($2.00),1.0,2025-02-26
20036128856,2025-02-26 18:56:00,Visa (Apple Pay EMV),2.0,0000($2.00),1.0,2025-02-26
20036486278,2025-02-26 21:22:00,Visa (EMV Contactless),4.0,"0000($2.00), 0000($2.00)",2.0,2025-02-26
20036501735,2025-02-26 21:30:00,Visa (Apple Pay EMV),2.0,0004($2.00),1.0,2025-02-26
20041039465,2025-02-27 14:05:00,Visa (Apple Pay Cash EMV),2.0,0000($2.00),1.0,2025-02-27
20041325509,2025-02-27 14:57:00,Visa (Apple Pay EMV),2.0,0007($2.00),1.0,2025-02-27
20041738597,2025-02-27 16:22:00,Visa (Apple Pay Cash EMV),2.0,0000($2.00),1.0,2025-02-27
20042365126,2025-02-27 19:19:00,Cash,2.0,0000($2.00),1.0,2025-02-27
20042371632,2025-02-27 19:21:00,Visa (Apple Pay EMV),2.0,0007($2.00),1.0,2025-02-27
20042780414,2025-02-27 22:29:00,Cash,2.0,0007($2.00),1.0,2025-02-27
20042781127,2025-02-27 22:30:00,Cash,2.0,0007($2.00),1.0,2025-02-27
20046447706,2025-02-28 12:53:00,Cash,2.0,0000($2.00),1.0,2025-02-28
20046704378,2025-02-28 13:24:00,Visa (Apple Pay Cash EMV),2.0,0000($2.00),1.0,2025-02-28
20047463603,2025-02-28 16:15:00,MasterCard (Apple Pay EMV),4.0,0002($4.00),1.0,2025-02-28
20047514018,2025-02-28 16:28:00,Cash,1.44,0001($1.44),1.0,2025-02-28
20047556289,2025-02-28 16:38:00,Visa (Apple Pay EMV),2.0,0007($2.00),1.0,2025-02-28
20047854258,2025-02-28 18:00:00,Cash,1.44,0001($1.44),1.0,2025-02-28
20047858767,2025-02-28 18:01:00,Cash,2.0,0008($2.00),1.0,2025-02-28
20048199583,2025-02-28 19:59:00,Cash,2.0,0000($2.00),1.0,2025-02-28
20048762970,2025-03-01 02:32:00,MasterCard (Apple Pay EMV),4.0,"0000($2.00), 0000($2.00)",2.0,2025-03-01
20050574646,2025-03-01 12:29:00,Cash,2.0,0000($2.00),1.0,2025-03-01
20051249441,2025-03-01 15:13:00,Visa (Apple Pay Cash EMV),2.0,0000($2.00),1.0,2025-03-01
20052011500,2025-03-01 19:38:00,Cash,2.0,0000($2.00),1.0,2025-03-01
20053903599,2025-03-02 12:28:00,Cash,2.0,0000($2.00),1.0,2025-03-02
20054803648,2025-03-02 16:50:00,Cash,2.0,0003($2.00),1.0,2025-03-02
20059293364,2025-03-03 13:19:00,Cash,2.0,0000($2.00),1.0,2025-03-03
20066304676,2025-03-04 16:54:00,Cash,2.0,0000($2.00),1.0,2025-03-04
20066993469,2025-03-04 20:52:00,Visa (Apple Pay EMV),4.0,0001($4.00),1.0,2025-03-04
20070242196,2025-03-05 11:16:00,Visa (Apple Pay EMV),6.0,"0000($2.00), 0000($2.00), 0000($2.00)",3.0,2025-03-05
20072232277,2025-03-05 17:05:00,Cash,2.0,0008($2.00),1.0,2025-03-05
20072269576,2025-03-05 17:15:00,Visa (Apple Pay EMV),4.0,0001($4.00),1.0,2025-03-05
20072403067,2025-03-05 17:54:00,Visa (Apple Pay EMV),4.0,0001($4.00),1.0,2025-03-05
20077087019,2025-03-06 13:16:00,Cash,2.0,0000($2.00),1.0,2025-03-06
20078644215,2025-03-06 19:06:00,Cash,2.0,0000($2.00),1.0,2025-03-06
20082559524,2025-03-07 12:38:00,Visa (Apple Pay EMV),6.0,"0000($2.00), 0000($2.00), 0000($2.00)",3.0,2025-03-07
20083796551,2025-03-07 16:54:00,Visa (Apple Pay EMV),2.0,0008($2.00),1.0,2025-03-07
20083845594,2025-03-07 17:07:00,Visa (Apple Pay EMV),2.0,0000($2.00),1.0,2025-03-07
20084323400,2025-03-07 19:47:00,Visa (EMV Contactless),4.0,0001($4.00),1.0,2025-03-07
20086174236,2025-03-08 10:32:00,Visa (Apple Pay EMV),6.0,"0000($2.00), 0000($2.00), 0000($2.00)",3.0,2025-03-08
20086742350,2025-03-08 12:39:00,Visa (Apple Pay EMV),2.0,0004($2.00),1.0,2025-03-08
20087117685,2025-03-08 14:09:00,Cash,2.0,0003($2.00),1.0,2025-03-08
20087711086,2025-03-08 17:01:00,Visa (EMV Contactless),4.0,0001($4.00),1.0,2025-03-08
20088322363,2025-03-08 21:51:00,Cash,2.0,0003($2.00),1.0,2025-03-08
20090104545,2025-03-09 13:46:00,Cash,2.0,0003($2.00),1.0,2025-03-09
20090394953,2025-03-09 16:16:00,MasterCard (EMV Contactless),2.0,0008($2.00),1.0,2025-03-09
20090843332,2025-03-09 18:17:00,Cash,2.0,0003($2.00),1.0,2025-03-09
20091391502,2025-03-10 02:21:00,MasterCard (Apple Pay EMV),8.0,"0001($4.00), 0001($4.00)",2.0,2025-03-10
20095257112,2025-03-10 14:58:00,Cash,2.0,0003($2.00),1.0,2025-03-10
20095323925,2025-03-10 15:11:00,Cash,2.0,0003($2.00),1.0,2025-03-10
20096234203,2025-03-10 19:13:00,Cash,2.0,0003($2.00),1.0,2025-03-10
20096236567,2025-03-10 19:13:00,Visa (Apple Pay EMV),2.0,0003($2.00),1.0,2025-03-10
20101523738,2025-03-11 17:03:00,Visa (Apple Pay EMV),2.0,0003($2.00),1.0,2025-03-11
20101528238,2025-03-11 17:04:00,Visa (Apple Pay EMV),2.0,0003($2.00),1.0,2025-03-11
20111732654,2025-03-13 12:39:00,Visa (EMV Contactless),2.0,0003($2.00),1.0,2025-03-13
20113243938,2025-03-13 17:38:00,Cash,1.44,0001($1.44),1.0,2025-03-13
20118023483,2025-03-14 14:55:00,Cash,2.0,0003($2.00),1.0,2025-03-14
20118405306,2025-03-14 16:23:00,Cash,2.0,0004($2.00),1.0,2025-03-14
20118776374,2025-03-14 18:06:00,Visa (Apple Pay EMV),2.0,0008($2.00),1.0,2025-03-14
20119188643,2025-03-14 20:42:00,Cash,2.0,0004($2.00),1.0,2025-03-14
20119260241,2025-03-14 21:16:00,Visa (Apple Pay EMV),2.0,0003($2.00),1.0,2025-03-14
20121417047,2025-03-15 12:50:00,Cash,2.0,0003($2.00),1.0,2025-03-15
20121807984,2025-03-15 14:25:00,Visa (Apple Pay EMV),6.0,"0003($2.00), 0003($2.00), 0003($2.00)",3.0,2025-03-15
20121846525,2025-03-15 14:36:00,Cash,2.0,0003($2.00),1.0,2025-03-15
20122633634,2025-03-15 18:52:00,Visa (Apple Pay EMV),2.0,0008($2.00),1.0,2025-03-15
20122885343,2025-03-15 20:59:00,Cash,2.0,0004($2.00),1.0,2025-03-15
20124467440,2025-03-16 12:13:00,Cash,2.0,0003($2.00),1.0,2025-03-16
20124543475,2025-03-16 12:33:00,Visa (Apple Pay EMV),6.0,"0003($2.00), 0003($2.00), 0003($2.00)",3.0,2025-03-16
20124735744,2025-03-16 13:23:00,Visa (Apple Pay EMV),2.0,0003($2.00),1.0,2025-03-16
20125151294,2025-03-16 15:22:00,Cash,2.0,0004($2.00),1.0,2025-03-16
20125595826,2025-03-16 18:01:00,Cash,1.44,0001($1.44),1.0,2025-03-16
20125598654,2025-03-16 18:01:00,Visa (Apple Pay EMV),2.0,0004($2.00),1.0,2025-03-16
20125636328,2025-03-16 18:18:00,Cash,2.0,0003($2.00),1.0,2025-03-16
20129012544,2025-03-17 11:44:00,Visa (Apple Pay EMV),6.0,"0003($2.00), 0003($2.00), 0003($2.00)",3.0,2025-03-17
20130190900,2025-03-17 15:01:00,Cash,2.0,0004($2.00),1.0,2025-03-17
20130433656,2025-03-17 15:54:00,Visa (Swiped),2.0,0008($2.00),1.0,2025-03-17
20131269150,2025-03-17 20:04:00,Cash,2.0,0003($2.00),1.0,2025-03-17
20131559312,2025-03-17 22:37:00,Cash,1.44,0002($1.44),1.0,2025-03-17
20131737579,2025-03-18 01:02:00,Cash,2.0,0008($2.00),1.0,2025-03-18
20134316822,2025-03-18 10:54:00,Visa (Apple Pay EMV),4.0,"0003($2.00), 0003($2.00)",2.0,2025-03-18
20136685776,2025-03-18 18:03:00,Visa (Apple Pay EMV),2.0,0004($2.00),1.0,2025-03-18
20136735153,2025-03-18 18:18:00,MasterCard (EMV Contactless),4.0,0001($4.00),1.0,2025-03-18
20142016248,2025-03-19 16:06:00,Visa (Apple Pay EMV),2.0,0004($2.00),1.0,2025-03-19
20142359063,2025-03-19 17:31:00,Visa (Apple Pay Cash EMV),2.0,0004($2.00),1.0,2025-03-19
20147226793,2025-03-20 13:54:00,Visa (Apple Pay Cash EMV),2.0,0004($2.00),1.0,2025-03-20
20147429429,2025-03-20 14:31:00,Cash,2.0,0004($2.00),1.0,2025-03-20
20148354081,2025-03-20 18:01:00,Visa (Apple Pay EMV),2.0,0004($2.00),1.0,2025-03-20
20148361023,2025-03-20 18:03:00,Cash,2.0,0004($2.00),1.0,2025-03-20
20148772535,2025-03-20 20:28:00,Cash,2.0,0004($2.00),1.0,2025-03-20
20152832679,2025-03-21 13:55:00,Cash,1.44,0001($1.44),1.0,2025-03-21
20153143170,2025-03-21 14:57:00,Visa (Apple Pay EMV),4.0,0001($4.00),1.0,2025-03-21
20153480537,2025-03-21 16:13:00,Visa (Apple Pay EMV),4.0,0002($4.00),1.0,2025-03-21
20154306132,2025-03-21 20:35:00,Visa (Apple Pay EMV),4.0,0001($4.00),1.0,2025-03-21
20165554719,2025-03-24 14:44:00,Visa (Apple Pay Cash EMV),4.0,0001($4.00),1.0,2025-03-24
20166782266,2025-03-24 20:19:00,Visa (Apple Pay EMV),4.0,0001($4.00),1.0,2025-03-24
20178112745,2025-03-26 17:28:00,Visa (Apple Pay EMV),4.0,0001($4.00),1.0,2025-03-26
20178714012,2025-03-26 20:58:00,Visa (EMV Contactless),4.0,0001($4.00),1.0,2025-03-26
20188477869,2025-03-28 13:02:00,Visa (Google Pay EMV),4.0,0002($4.00),1.0,2025-03-28
20200450845,2025-03-31 11:58:00,Visa (EMV Contactless),2.0,0004($2.00),1.0,2025-03-31
20200457680,2025-03-31 11:58:00,Visa (EMV Contactless),4.0,"0000($2.00), 0000($2.00)",2.0,2025-03-31
20201497296,2025-03-31 14:45:00,Cash,2.0,0000($2.00),1.0,2025-03-31
20201498046,2025-03-31 14:45:00,Cash,2.0,0000($2.00),1.0,2025-03-31
20201499464,2025-03-31 14:46:00,Cash,2.0,0000($2.00),1.0,2025-03-31
20201501271,2025-03-31 14:46:00,Cash,2.0,0000($2.00),1.0,2025-03-31
20202609897,2025-03-31 19:34:00,Cash,2.0,0000($2.00),1.0,2025-03-31
20202614056,2025-03-31 19:36:00,Cash,2.0,0004($2.00),1.0,2025-03-31
20202614702,2025-03-31 19:36:00,Cash,2.0,0004($2.00),1.0,2025-03-31
20202616837,2025-03-31 19:37:00,Cash,2.0,0007($2.00),1.0,2025-03-31
20202615748,2025-03-31 19:37:00,Cash,2.0,0004($2.00),1.0,2025-03-31
20202619136,2025-03-31 19:38:00,Cash,2.0,0008($2.00),1.0,2025-03-31
20203262591,2025-04-01 02:26:00,Visa (EMV Contactless),8.0,"0001($4.00), 0001($4.00)",2.0,2025-04-01
20207732413,2025-04-01 15:40:00,Cash,1.44,0001($1.44),1.0,2025-04-01
20207844395,2025-04-01 16:06:00,Visa (EMV Contactless),2.0,0004($2.00),1.0,2025-04-01
20208129970,2025-04-01 17:12:00,Visa (Apple Pay EMV),2.0,0000($2.00),1.0,2025-04-01
20208310771,2025-04-01 18:03:00,Visa (Apple Pay EMV),2.0,0004($2.00),1.0,2025-04-01
20212094036,2025-04-02 11:18:00,Visa (Apple Pay EMV),2.0,0000($2.00),1.0,2025-04-02
20214014564,2025-04-02 16:40:00,Visa (EMV Contactless),2.0,0004($2.00),1.0,2025-04-02
20214390277,2025-04-02 18:22:00,Visa (Apple Pay EMV),2.0,0000($2.00),1.0,2025-04-02
20218519293,2025-04-03 12:01:00,Visa (Apple Pay EMV),2.0,0000($2.00),1.0,2025-04-03
20219637267,2025-04-03 14:57:00,Cash,2.0,0007($2.00),1.0,2025-04-03
20219930120,2025-04-03 15:56:00,Visa (Apple Pay EMV),2.0,0000($2.00),1.0,2025-04-03
20220463621,2025-04-03 18:07:00,Cash,2.0,0000($2.00),1.0,2025-04-03
20220487155,2025-04-03 18:14:00,Cash,1.44,0001($1.44),1.0,2025-04-03
20220802223,2025-04-03 20:02:00,Cash,2.0,0000($2.00),1.0,2025-04-03
20224339524,2025-04-04 11:51:00,Visa (Apple Pay EMV),2.0,0000($2.00),1.0,2025-04-04
20226115901,2025-04-04 17:43:00,Visa (Apple Pay EMV),4.0,0001($4.00),1.0,2025-04-04
20229052202,2025-04-05 13:08:00,Cash,2.0,0000($2.00),1.0,2025-04-05
20229761361,2025-04-05 16:15:00,Cash,2.0,0004($2.00),1.0,2025-04-05
20229933861,2025-04-05 17:10:00,Cash,2.0,0004($2.00),1.0,2025-04-05
20229934996,2025-04-05 17:10:00,Cash,2.0,0004($2.00),1.0,2025-04-05
20230082359,2025-04-05 18:02:00,Cash,2.0,0004($2.00),1.0,2025-04-05
20230092450,2025-04-05 18:06:00,Cash,2.0,0008($2.00),1.0,2025-04-05
20233001698,2025-04-06 16:10:00,Visa (Apple Pay EMV),2.0,0007($2.00),1.0,2025-04-06
20233205721,2025-04-06 17:22:00,Cash,2.0,0004($2.00),1.0,2025-04-06
20233308157,2025-04-06 18:03:00,Cash,2.0,0004($2.00),1.0,2025-04-06
20233378015,2025-04-06 18:32:00,Cash,2.0,0008($2.00),1.0,2025-04-06
20233586123,2025-04-06 20:11:00,Cash,2.0,0004($2.00),1.0,2025-04-06
20233587556,2025-04-06 20:11:00,Visa (Apple Pay EMV),4.0,0002($4.00),1.0,2025-04-06
20233589660,2025-04-06 20:13:00,Visa (Apple Pay EMV),6.0,"0002($4.00), 0000($2.00)",2.0,2025-04-06
20233597226,2025-04-06 20:17:00,Cash,2.0,0000($2.00),1.0,2025-04-06
20238000216,2025-04-07 14:22:00,Cash,2.0,0004($2.00),1.0,2025-04-07
20238142887,2025-04-07 14:49:00,Cash,2.0,0000($2.00),1.0,2025-04-07
20239036250,2025-04-07 18:22:00,Cash,2.0,0007($2.00),1.0,2025-04-07
